cache_date,game_date,gameId,status,statusText,gameTime,arena,home_tricode,home_name,home_city,home_logo,home_record,away_tricode,away_name,away_city,away_logo,away_record
20260826,20261003,401902644,1,Oct 03,2026-10-03T23:00Z,Videotron Centre,TOR,Raptors,Toronto,https://cdn.nba.com/logos/nba/1610612761/global/L/logo.svg,,MIA,Heat,Miami,https://cdn.nba.com/logos/nba/1610612748/global/L/logo.svg,
20260826,20261004,401914127,1,Oct 04,2026-10-04T23:00Z,CU Events Center,DEN,Nuggets,Denver,https://cdn.nba.com/logos/nba/1610612743/global/L/logo.svg,,UTAH,Jazz,Utah,https://a.espncdn.com/i/teamlogos/nba/500/scoreboard/utah.png,
20260826,20261005,401898388,1,Oct 05,2026-10-05T23:00Z,State Farm Arena,ATL,Hawks,Atlanta,https://cdn.nba.com/logos/nba/1610612737/global/L/logo.svg,,MEM,Grizzlies,Memphis,https://cdn.nba.com/logos/nba/1610612763/global/L/logo.svg,
20260826,20261005,401908947,1,Oct 05,2026-10-05T23:00Z,Little Caesars Arena,DET,Pistons,Detroit,https://cdn.nba.com/logos/nba/1610612765/global/L/logo.svg,,PHX,Suns,Phoenix,https://cdn.nba.com/logos/nba/1610612756/global/L/logo.svg,
20260826,20261005,401914101,1,Oct 05,2026-10-05T23:00Z,Xfinity Mobile Arena,PHI,76ers,Philadelphia,https://cdn.nba.com/logos/nba/1610612755/global/L/logo.svg,,NYK,Knicks,New York,https://cdn.nba.com/logos/nba/1610612752/global/L/logo.svg,
20260826,20261005,401914102,1,Oct 05,2026-10-06T00:00Z,Fiserv Forum,MIL,Bucks,Milwaukee,https://cdn.nba.com/logos/nba/1610612749/global/L/logo.svg,,MIN,Timberwolves,Minnesota,https://cdn.nba.com/logos/nba/1610612750/global/L/logo.svg,
20260826,20261005,401898716,1,Oct 05,2026-10-06T02:00Z,Golden 1 Center,SAC,Kings,Sacramento,https://cdn.nba.com/logos/nba/1610612758/global/L/logo.svg,,LAL,Lakers,Los Angeles,https://cdn.nba.com/logos/nba/1610612747/global/L/logo.svg,
20260826,20261006,401901820,1,Oct 06,2026-10-06T23:00Z,Spectrum Center,CHA,Hornets,Charlotte,https://cdn.nba.com/logos/nba/1610612766/global/L/logo.svg,,BKN,Nets,Brooklyn,https://cdn.nba.com/logos/nba/1610612751/global/L/logo.svg,
20260826,20261006,401898389,1,Oct 06,2026-10-07T00:00Z,BOK Center,OKC,Thunder,Oklahoma City,https://cdn.nba.com/logos/nba/1610612760/global/L/logo.svg,,NOP,Pelicans,New Orleans,https://cdn.nba.com/logos/nba/1610612740/global/L/logo.svg,
20260826,20261006,401914128,1,Oct 06,2026-10-07T01:00Z,Delta Center,UTAH,Jazz,Utah,https://a.espncdn.com/i/teamlogos/nba/500/scoreboard/utah.png,,DEN,Nuggets,Denver,https://cdn.nba.com/logos/nba/1610612743/global/L/logo.svg,
20260826,20261006,401898390,1,Oct 06,2026-10-07T02:00Z,Chase Center,GSW,Warriors,Golden State,https://cdn.nba.com/logos/nba/1610612744/global/L/logo.svg,,LAL,Lakers,Los Angeles,https://cdn.nba.com/logos/nba/1610612747/global/L/logo.svg,
20260826,20261007,401914123,1,Oct 07,2026-10-07T23:00Z,Hilton Coliseum,IND,Pacers,Indiana,https://cdn.nba.com/logos/nba/1610612754/global/L/logo.svg,,MIN,Timberwolves,Minnesota,https://cdn.nba.com/logos/nba/1610612750/global/L/logo.svg,
20260826,20261007,401898391,1,Oct 07,2026-10-08T00:00Z,FedExForum,MEM,Grizzlies,Memphis,https://cdn.nba.com/logos/nba/1610612763/global/L/logo.svg,,ORL,Magic,Orlando,https://cdn.nba.com/logos/nba/1610612753/global/L/logo.svg,
20260826,20261007,401908620,1,Oct 07,2026-10-08T00:00Z,Paycom Center,OKC,Thunder,Oklahoma City,https://cdn.nba.com/logos/nba/1610612760/global/L/logo.svg,,MIL,Bucks,Milwaukee,https://cdn.nba.com/logos/nba/1610612749/global/L/logo.svg,
20260826,20261007,401908939,1,Oct 07,2026-10-08T00:00Z,United Center,CHI,Bulls,Chicago,https://cdn.nba.com/logos/nba/1610612741/global/L/logo.svg,,PHX,Suns,Phoenix,https://cdn.nba.com/logos/nba/1610612756/global/L/logo.svg,
20260826,20261007,401914129,1,Oct 07,2026-10-08T02:00Z,Moda Center,POR,Trail Blazers,Portland,https://cdn.nba.com/logos/nba/1610612757/global/L/logo.svg,,GSW,Warriors,Golden State,https://cdn.nba.com/logos/nba/1610612744/global/L/logo.svg,
20260826,20261008,401898392,1,Oct 08,2026-10-08T23:00Z,Rocket Arena,CLE,Cavaliers,Cleveland,https://cdn.nba.com/logos/nba/1610612739/global/L/logo.svg,,BOS,Celtics,Boston,https://cdn.nba.com/logos/nba/1610612738/global/L/logo.svg,
20260826,20261008,401898393,1,Oct 08,2026-10-08T23:30Z,Kaseya Center,MIA,Heat,Miami,https://cdn.nba.com/logos/nba/1610612748/global/L/logo.svg,,NOP,Pelicans,New Orleans,https://cdn.nba.com/logos/nba/1610612740/global/L/logo.svg,
20260826,20261008,401901823,1,Oct 08,2026-10-08T23:30Z,Barclays Center,BKN,Nets,Brooklyn,https://cdn.nba.com/logos/nba/1610612751/global/L/logo.svg,,PHI,76ers,Philadelphia,https://cdn.nba.com/logos/nba/1610612755/global/L/logo.svg,
20260826,20261008,401906508,1,Oct 08,2026-10-08T23:30Z,Madison Square Garden,NYK,Knicks,New York,https://cdn.nba.com/logos/nba/1610612752/global/L/logo.svg,,WAS,Wizards,Washington,https://cdn.nba.com/logos/nba/1610612764/global/L/logo.svg,
20260826,20261008,401898394,1,Oct 08,2026-10-09T00:00Z,Frost Bank Center,SAS,Spurs,San Antonio,https://cdn.nba.com/logos/nba/1610612759/global/L/logo.svg,,ATL,Hawks,Atlanta,https://cdn.nba.com/logos/nba/1610612737/global/L/logo.svg,
20260826,20261008,401898717,1,Oct 08,2026-10-09T02:30Z,crypto.com Arena,LAL,Lakers,Los Angeles,https://cdn.nba.com/logos/nba/1610612747/global/L/logo.svg,,SAC,Kings,Sacramento,https://cdn.nba.com/logos/nba/1610612758/global/L/logo.svg,
20260826,20261009,401898395,1,Oct 09,2026-10-09T12:00Z,Venetian Arena,DAL,Mavericks,Dallas,https://cdn.nba.com/logos/nba/1610612742/global/L/logo.svg,,HOU,Rockets,Houston,https://cdn.nba.com/logos/nba/1610612745/global/L/logo.svg,
20260826,20261009,401908940,1,Oct 09,2026-10-10T00:00Z,United Center,CHI,Bulls,Chicago,https://cdn.nba.com/logos/nba/1610612741/global/L/logo.svg,,MEM,Grizzlies,Memphis,https://cdn.nba.com/logos/nba/1610612763/global/L/logo.svg,
20260826,20261010,401902645,1,Oct 10,2026-10-10T22:30Z,Rogers Arena,TOR,Raptors,Toronto,https://cdn.nba.com/logos/nba/1610612761/global/L/logo.svg,,LAC,Clippers,LA,https://cdn.nba.com/logos/nba/1610612746/global/L/logo.svg,
20260826,20261010,401898396,1,Oct 10,2026-10-10T23:00Z,Gainbridge Fieldhouse,IND,Pacers,Indiana,https://cdn.nba.com/logos/nba/1610612754/global/L/logo.svg,,ATL,Hawks,Atlanta,https://cdn.nba.com/logos/nba/1610612737/global/L/logo.svg,
20260826,20261010,401906510,1,Oct 10,2026-10-10T23:00Z,Capital One Arena,WAS,Wizards,Washington,https://cdn.nba.com/logos/nba/1610612764/global/L/logo.svg,,DET,Pistons,Detroit,https://cdn.nba.com/logos/nba/1610612765/global/L/logo.svg,
20260826,20261010,401898397,1,Oct 10,2026-10-11T00:00Z,Kaseya Center,MIA,Heat,Miami,https://cdn.nba.com/logos/nba/1610612748/global/L/logo.svg,,MIN,Timberwolves,Minnesota,https://cdn.nba.com/logos/nba/1610612750/global/L/logo.svg,
20260826,20261010,401898398,1,Oct 10,2026-10-11T00:00Z,TD Garden,BOS,Celtics,Boston,https://cdn.nba.com/logos/nba/1610612738/global/L/logo.svg,,PHI,76ers,Philadelphia,https://cdn.nba.com/logos/nba/1610612755/global/L/logo.svg,
20260826,20261010,401898399,1,Oct 10,2026-10-11T00:30Z,Chase Center,GSW,Warriors,Golden State,https://cdn.nba.com/logos/nba/1610612744/global/L/logo.svg,,SAC,Kings,Sacramento,https://cdn.nba.com/logos/nba/1610612758/global/L/logo.svg,
20260826,20261010,401898720,1,Oct 10,2026-10-11T02:30Z,Mortgage Matchup Center,PHX,Suns,Phoenix,https://cdn.nba.com/logos/nba/1610612756/global/L/logo.svg,,SAS,Spurs,San Antonio,https://cdn.nba.com/logos/nba/1610612759/global/L/logo.svg,
20260826,20261011,401898400,1,Oct 11,2026-10-11T10:00Z,Venetian Arena,HOU,Rockets,Houston,https://cdn.nba.com/logos/nba/1610612745/global/L/logo.svg,,DAL,Mavericks,Dallas,https://cdn.nba.com/logos/nba/1610612742/global/L/logo.svg,
20260826,20261011,401898401,1,Oct 11,2026-10-11T22:30Z,Rocket Arena,CLE,Cavaliers,Cleveland,https://cdn.nba.com/logos/nba/1610612739/global/L/logo.svg,,ORL,Magic,Orlando,https://cdn.nba.com/logos/nba/1610612753/global/L/logo.svg,
20260826,20261011,401901821,1,Oct 11,2026-10-11T23:00Z,Spectrum Center,CHA,Hornets,Charlotte,https://cdn.nba.com/logos/nba/1610612766/global/L/logo.svg,,MIL,Bucks,Milwaukee,https://cdn.nba.com/logos/nba/1610612749/global/L/logo.svg,
20260826,20261011,401908941,1,Oct 11,2026-10-12T01:00Z,Ball Arena,DEN,Nuggets,Denver,https://cdn.nba.com/logos/nba/1610612743/global/L/logo.svg,,CHI,Bulls,Chicago,https://cdn.nba.com/logos/nba/1610612741/global/L/logo.svg,
20260826,20261012,401914130,1,Oct 12,2026-10-12T20:00Z,Moda Center,POR,Trail Blazers,Portland,https://cdn.nba.com/logos/nba/1610612757/global/L/logo.svg,,LON,Lions,London,,
20260826,20261012,401898402,1,Oct 12,2026-10-12T23:00Z,State Farm Arena,ATL,Hawks,Atlanta,https://cdn.nba.com/logos/nba/1610612737/global/L/logo.svg,,OKC,Thunder,Oklahoma City,https://cdn.nba.com/logos/nba/1610612760/global/L/logo.svg,
20260826,20261012,401901824,1,Oct 12,2026-10-12T23:00Z,Capital One Arena,WAS,Wizards,Washington,https://cdn.nba.com/logos/nba/1610612764/global/L/logo.svg,,BKN,Nets,Brooklyn,https://cdn.nba.com/logos/nba/1610612751/global/L/logo.svg,
20260826,20261012,401914124,1,Oct 12,2026-10-12T23:30Z,Madison Square Garden,NYK,Knicks,New York,https://cdn.nba.com/logos/nba/1610612752/global/L/logo.svg,,MIN,Timberwolves,Minnesota,https://cdn.nba.com/logos/nba/1610612750/global/L/logo.svg,
20260826,20261012,401898721,1,Oct 12,2026-10-13T01:00Z,Delta Center,UTAH,Jazz,Utah,https://a.espncdn.com/i/teamlogos/nba/500/scoreboard/utah.png,,SAS,Spurs,San Antonio,https://cdn.nba.com/logos/nba/1610612759/global/L/logo.svg,
20260826,20261013,401898403,1,Oct 13,2026-10-13T23:00Z,Kia Center,ORL,Magic,Orlando,https://cdn.nba.com/logos/nba/1610612753/global/L/logo.svg,,CLE,Cavaliers,Cleveland,https://cdn.nba.com/logos/nba/1610612739/global/L/logo.svg,
20260826,20261013,401908944,1,Oct 13,2026-10-13T23:00Z,Scotiabank Arena,TOR,Raptors,Toronto,https://cdn.nba.com/logos/nba/1610612761/global/L/logo.svg,,NYK,Knicks,New York,https://cdn.nba.com/logos/nba/1610612752/global/L/logo.svg,
20260826,20261013,401908621,1,Oct 13,2026-10-14T00:00Z,Paycom Center,OKC,Thunder,Oklahoma City,https://cdn.nba.com/logos/nba/1610612760/global/L/logo.svg,,IND,Pacers,Indiana,https://cdn.nba.com/logos/nba/1610612754/global/L/logo.svg,
20260826,20261013,401898718,1,Oct 13,2026-10-14T02:00Z,T-Mobile Arena,LAL,Lakers,Los Angeles,https://cdn.nba.com/logos/nba/1610612747/global/L/logo.svg,,GSW,Warriors,Golden State,https://cdn.nba.com/logos/nba/1610612744/global/L/logo.svg,
20260826,20261013,401901826,1,Oct 13,2026-10-14T02:00Z,Golden 1 Center,SAC,Kings,Sacramento,https://cdn.nba.com/logos/nba/1610612758/global/L/logo.svg,,POR,Trail Blazers,Portland,https://cdn.nba.com/logos/nba/1610612757/global/L/logo.svg,
20260826,20261014,401898404,1,Oct 14,2026-10-14T23:30Z,Kaseya Center,MIA,Heat,Miami,https://cdn.nba.com/logos/nba/1610612748/global/L/logo.svg,,BKN,Nets,Brooklyn,https://cdn.nba.com/logos/nba/1610612751/global/L/logo.svg,
20260826,20261014,401898405,1,Oct 14,2026-10-14T23:30Z,TD Garden,BOS,Celtics,Boston,https://cdn.nba.com/logos/nba/1610612738/global/L/logo.svg,,CHA,Hornets,Charlotte,https://cdn.nba.com/logos/nba/1610612766/global/L/logo.svg,
20260826,20261014,401898722,1,Oct 14,2026-10-15T00:00Z,Frost Bank Center,SAS,Spurs,San Antonio,https://cdn.nba.com/logos/nba/1610612759/global/L/logo.svg,,PHX,Suns,Phoenix,https://cdn.nba.com/logos/nba/1610612756/global/L/logo.svg,
20260826,20261014,401901825,1,Oct 14,2026-10-15T00:00Z,American Airlines Center,DAL,Mavericks,Dallas,https://cdn.nba.com/logos/nba/1610612742/global/L/logo.svg,,NOP,Pelicans,New Orleans,https://cdn.nba.com/logos/nba/1610612740/global/L/logo.svg,
20260826,20261014,401908942,1,Oct 14,2026-10-15T00:00Z,Fiserv Forum,MIL,Bucks,Milwaukee,https://cdn.nba.com/logos/nba/1610612749/global/L/logo.svg,,CHI,Bulls,Chicago,https://cdn.nba.com/logos/nba/1610612741/global/L/logo.svg,
20260826,20261014,401914125,1,Oct 14,2026-10-15T00:00Z,Target Center,MIN,Timberwolves,Minnesota,https://cdn.nba.com/logos/nba/1610612750/global/L/logo.svg,,DET,Pistons,Detroit,https://cdn.nba.com/logos/nba/1610612765/global/L/logo.svg,
20260826,20261015,401908945,1,Oct 15,2026-10-15T23:30Z,Madison Square Garden,NYK,Knicks,New York,https://cdn.nba.com/logos/nba/1610612752/global/L/logo.svg,,TOR,Raptors,Toronto,https://cdn.nba.com/logos/nba/1610612761/global/L/logo.svg,
20260826,20261015,401908622,1,Oct 15,2026-10-16T00:30Z,Toyota Center (Houston),HOU,Rockets,Houston,https://cdn.nba.com/logos/nba/1610612745/global/L/logo.svg,,OKC,Thunder,Oklahoma City,https://cdn.nba.com/logos/nba/1610612760/global/L/logo.svg,
20260826,20261016,401898406,1,Oct 16,2026-10-16T23:00Z,Kia Center,ORL,Magic,Orlando,https://cdn.nba.com/logos/nba/1610612753/global/L/logo.svg,,MIA,Heat,Miami,https://cdn.nba.com/logos/nba/1610612748/global/L/logo.svg,
20260826,20261016,401898407,1,Oct 16,2026-10-16T23:00Z,Xfinity Mobile Arena,PHI,76ers,Philadelphia,https://cdn.nba.com/logos/nba/1610612755/global/L/logo.svg,,BOS,Celtics,Boston,https://cdn.nba.com/logos/nba/1610612738/global/L/logo.svg,
20260826,20261016,401908946,1,Oct 16,2026-10-16T23:00Z,Little Caesars Arena,DET,Pistons,Detroit,https://cdn.nba.com/logos/nba/1610612765/global/L/logo.svg,,TOR,Raptors,Toronto,https://cdn.nba.com/logos/nba/1610612761/global/L/logo.svg,
20260826,20261016,401914126,1,Oct 16,2026-10-16T23:00Z,Gainbridge Fieldhouse,IND,Pacers,Indiana,https://cdn.nba.com/logos/nba/1610612754/global/L/logo.svg,,MIL,Bucks,Milwaukee,https://cdn.nba.com/logos/nba/1610612749/global/L/logo.svg,
20260826,20261016,401898408,1,Oct 16,2026-10-17T00:00Z,American Airlines Center,DAL,Mavericks,Dallas,https://cdn.nba.com/logos/nba/1610612742/global/L/logo.svg,,ATL,Hawks,Atlanta,https://cdn.nba.com/logos/nba/1610612737/global/L/logo.svg,
20260826,20261016,401898843,1,Oct 16,2026-10-17T00:00Z,Frost Bank Center,SAS,Spurs,San Antonio,https://cdn.nba.com/logos/nba/1610612759/global/L/logo.svg,,SAC,Kings,Sacramento,https://cdn.nba.com/logos/nba/1610612758/global/L/logo.svg,
20260826,20261016,401901822,1,Oct 16,2026-10-17T00:00Z,FedExForum,MEM,Grizzlies,Memphis,https://cdn.nba.com/logos/nba/1610612763/global/L/logo.svg,,CHA,Hornets,Charlotte,https://cdn.nba.com/logos/nba/1610612766/global/L/logo.svg,
20260826,20261016,401906509,1,Oct 16,2026-10-17T00:00Z,Smoothie King Center,NOP,Pelicans,New Orleans,https://cdn.nba.com/logos/nba/1610612740/global/L/logo.svg,,WAS,Wizards,Washington,https://cdn.nba.com/logos/nba/1610612764/global/L/logo.svg,
20260826,20261016,401908943,1,Oct 16,2026-10-17T00:00Z,United Center,CHI,Bulls,Chicago,https://cdn.nba.com/logos/nba/1610612741/global/L/logo.svg,,MIN,Timberwolves,Minnesota,https://cdn.nba.com/logos/nba/1610612750/global/L/logo.svg,
20260826,20261016,401898409,1,Oct 16,2026-10-17T02:00Z,Chase Center,GSW,Warriors,Golden State,https://cdn.nba.com/logos/nba/1610612744/global/L/logo.svg,,POR,Trail Blazers,Portland,https://cdn.nba.com/logos/nba/1610612757/global/L/logo.svg,
20260826,20261016,401908948,1,Oct 16,2026-10-17T02:00Z,Mortgage Matchup Center,PHX,Suns,Phoenix,https://cdn.nba.com/logos/nba/1610612756/global/L/logo.svg,,UTAH,Jazz,Utah,https://a.espncdn.com/i/teamlogos/nba/500/scoreboard/utah.png,
20260826,20261016,401898719,1,Oct 16,2026-10-17T02:30Z,crypto.com Arena,LAL,Lakers,Los Angeles,https://cdn.nba.com/logos/nba/1610612747/global/L/logo.svg,,DEN,Nuggets,Denver,https://cdn.nba.com/logos/nba/1610612743/global/L/logo.svg,
20260826,20261020,401909088,1,Oct 20,2026-10-20T19:00Z,Little Caesars Arena,DET,Pistons,Detroit,https://cdn.nba.com/logos/nba/1610612765/global/L/logo.svg,,BOS,Celtics,Boston,https://cdn.nba.com/logos/nba/1610612738/global/L/logo.svg,
20260826,20261020,401909089,1,Oct 20,2026-10-20T23:00Z,Madison Square Garden,NYK,Knicks,New York,https://cdn.nba.com/logos/nba/1610612752/global/L/logo.svg,,PHI,76ers,Philadelphia,https://cdn.nba.com/logos/nba/1610612755/global/L/logo.svg,
20260826,20261020,401909090,1,Oct 20,2026-10-21T01:30Z,Frost Bank Center,SAS,Spurs,San Antonio,https://cdn.nba.com/logos/nba/1610612759/global/L/logo.svg,,OKC,Thunder,Oklahoma City,https://cdn.nba.com/logos/nba/1610612760/global/L/logo.svg,
20260826,20261021,401909834,1,Oct 21,2026-10-21T23:00Z,Kia Center,ORL,Magic,Orlando,https://cdn.nba.com/logos/nba/1610612753/global/L/logo.svg,,ATL,Hawks,Atlanta,https://cdn.nba.com/logos/nba/1610612737/global/L/logo.svg,
20260826,20261021,401909835,1,Oct 21,2026-10-21T23:00Z,Capital One Arena,WAS,Wizards,Washington,https://cdn.nba.com/logos/nba/1610612764/global/L/logo.svg,,MIL,Bucks,Milwaukee,https://cdn.nba.com/logos/nba/1610612749/global/L/logo.svg,
20260826,20261021,401909091,1,Oct 21,2026-10-21T23:30Z,Kaseya Center,MIA,Heat,Miami,https://cdn.nba.com/logos/nba/1610612748/global/L/logo.svg,,MIN,Timberwolves,Minnesota,https://cdn.nba.com/logos/nba/1610612750/global/L/logo.svg,
20260826,20261021,401909836,1,Oct 21,2026-10-21T23:30Z,Barclays Center,BKN,Nets,Brooklyn,https://cdn.nba.com/logos/nba/1610612751/global/L/logo.svg,,CHA,Hornets,Charlotte,https://cdn.nba.com/logos/nba/1610612766/global/L/logo.svg,
20260826,20261021,401909837,1,Oct 21,2026-10-21T23:30Z,Scotiabank Arena,TOR,Raptors,Toronto,https://cdn.nba.com/logos/nba/1610612761/global/L/logo.svg,,CHI,Bulls,Chicago,https://cdn.nba.com/logos/nba/1610612741/global/L/logo.svg,
20260826,20261021,401909838,1,Oct 21,2026-10-22T00:00Z,FedExForum,MEM,Grizzlies,Memphis,https://cdn.nba.com/logos/nba/1610612763/global/L/logo.svg,,UTAH,Jazz,Utah,https://a.espncdn.com/i/teamlogos/nba/500/scoreboard/utah.png,
20260826,20261021,401909839,1,Oct 21,2026-10-22T00:00Z,Smoothie King Center,NOP,Pelicans,New Orleans,https://cdn.nba.com/logos/nba/1610612740/global/L/logo.svg,,IND,Pacers,Indiana,https://cdn.nba.com/logos/nba/1610612754/global/L/logo.svg,
20260826,20261021,401909840,1,Oct 21,2026-10-22T00:30Z,Toyota Center (Houston),HOU,Rockets,Houston,https://cdn.nba.com/logos/nba/1610612745/global/L/logo.svg,,DAL,Mavericks,Dallas,https://cdn.nba.com/logos/nba/1610612742/global/L/logo.svg,
20260826,20261021,401909092,1,Oct 21,2026-10-22T02:00Z,crypto.com Arena,LAL,Lakers,Los Angeles,https://cdn.nba.com/logos/nba/1610612747/global/L/logo.svg,,GSW,Warriors,Golden State,https://cdn.nba.com/logos/nba/1610612744/global/L/logo.svg,
20260826,20261021,401909841,1,Oct 21,2026-10-22T02:00Z,Moda Center,POR,Trail Blazers,Portland,https://cdn.nba.com/logos/nba/1610612757/global/L/logo.svg,,PHX,Suns,Phoenix,https://cdn.nba.com/logos/nba/1610612756/global/L/logo.svg,
20260826,20261021,401909842,1,Oct 21,2026-10-22T02:30Z,Intuit Dome,LAC,Clippers,LA,https://cdn.nba.com/logos/nba/1610612746/global/L/logo.svg,,SAC,Kings,Sacramento,https://cdn.nba.com/logos/nba/1610612758/global/L/logo.svg,
20260826,20261022,401909093,1,Oct 22,2026-10-22T23:00Z,Xfinity Mobile Arena,PHI,76ers,Philadelphia,https://cdn.nba.com/logos/nba/1610612755/global/L/logo.svg,,CLE,Cavaliers,Cleveland,https://cdn.nba.com/logos/nba/1610612739/global/L/logo.svg,
20260826,20261022,401909094,1,Oct 22,2026-10-23T01:30Z,Paycom Center,OKC,Thunder,Oklahoma City,https://cdn.nba.com/logos/nba/1610612760/global/L/logo.svg,,DEN,Nuggets,Denver,https://cdn.nba.com/logos/nba/1610612743/global/L/logo.svg,
20260826,20261023,401909095,1,Oct 23,2026-10-23T23:00Z,TD Garden,BOS,Celtics,Boston,https://cdn.nba.com/logos/nba/1610612738/global/L/logo.svg,,NYK,Knicks,New York,https://cdn.nba.com/logos/nba/1610612752/global/L/logo.svg,
20260826,20261023,401909843,1,Oct 23,2026-10-23T23:00Z,Spectrum Center,CHA,Hornets,Charlotte,https://cdn.nba.com/logos/nba/1610612766/global/L/logo.svg,,ATL,Hawks,Atlanta,https://cdn.nba.com/logos/nba/1610612737/global/L/logo.svg,
20260826,20261023,401909844,1,Oct 23,2026-10-23T23:00Z,Gainbridge Fieldhouse,IND,Pacers,Indiana,https://cdn.nba.com/logos/nba/1610612754/global/L/logo.svg,,DAL,Mavericks,Dallas,https://cdn.nba.com/logos/nba/1610612742/global/L/logo.svg,
20260826,20261023,401909845,1,Oct 23,2026-10-23T23:00Z,Kia Center,ORL,Magic,Orlando,https://cdn.nba.com/logos/nba/1610612753/global/L/logo.svg,,MIN,Timberwolves,Minnesota,https://cdn.nba.com/logos/nba/1610612750/global/L/logo.svg,
20260826,20261023,401909846,1,Oct 23,2026-10-23T23:00Z,Capital One Arena,WAS,Wizards,Washington,https://cdn.nba.com/logos/nba/1610612764/global/L/logo.svg,,TOR,Raptors,Toronto,https://cdn.nba.com/logos/nba/1610612761/global/L/logo.svg,
20260826,20261023,401909847,1,Oct 23,2026-10-24T00:00Z,Kaseya Center,MIA,Heat,Miami,https://cdn.nba.com/logos/nba/1610612748/global/L/logo.svg,,DET,Pistons,Detroit,https://cdn.nba.com/logos/nba/1610612765/global/L/logo.svg,
20260826,20261023,401909848,1,Oct 23,2026-10-24T00:00Z,Fiserv Forum,MIL,Bucks,Milwaukee,https://cdn.nba.com/logos/nba/1610612749/global/L/logo.svg,,CHI,Bulls,Chicago,https://cdn.nba.com/logos/nba/1610612741/global/L/logo.svg,
20260826,20261023,401909096,1,Oct 23,2026-10-24T01:30Z,Moody Center,SAS,Spurs,San Antonio,https://cdn.nba.com/logos/nba/1610612759/global/L/logo.svg,,HOU,Rockets,Houston,https://cdn.nba.com/logos/nba/1610612745/global/L/logo.svg,
20260826,20261023,401909849,1,Oct 23,2026-10-24T01:30Z,Delta Center,UTAH,Jazz,Utah,https://a.espncdn.com/i/teamlogos/nba/500/scoreboard/utah.png,,NOP,Pelicans,New Orleans,https://cdn.nba.com/logos/nba/1610612740/global/L/logo.svg,
20260826,20261023,401909850,1,Oct 23,2026-10-24T02:00Z,Chase Center,GSW,Warriors,Golden State,https://cdn.nba.com/logos/nba/1610612744/global/L/logo.svg,,MEM,Grizzlies,Memphis,https://cdn.nba.com/logos/nba/1610612763/global/L/logo.svg,
20260826,20261023,401909851,1,Oct 23,2026-10-24T02:00Z,crypto.com Arena,LAL,Lakers,Los Angeles,https://cdn.nba.com/logos/nba/1610612747/global/L/logo.svg,,LAC,Clippers,LA,https://cdn.nba.com/logos/nba/1610612746/global/L/logo.svg,
20260826,20261023,401909852,1,Oct 23,2026-10-24T02:00Z,Golden 1 Center,SAC,Kings,Sacramento,https://cdn.nba.com/logos/nba/1610612758/global/L/logo.svg,,POR,Trail Blazers,Portland,https://cdn.nba.com/logos/nba/1610612757/global/L/logo.svg,
20260826,20261024,401909853,1,Oct 24,2026-10-24T22:00Z,Spectrum Center,CHA,Hornets,Charlotte,https://cdn.nba.com/logos/nba/1610612766/global/L/logo.svg,,MIA,Heat,Miami,https://cdn.nba.com/logos/nba/1610612748/global/L/logo.svg,
20260826,20261024,401909854,1,Oct 24,2026-10-24T23:30Z,Rocket Arena,CLE,Cavaliers,Cleveland,https://cdn.nba.com/logos/nba/1610612739/global/L/logo.svg,,BKN,Nets,Brooklyn,https://cdn.nba.com/logos/nba/1610612751/global/L/logo.svg,
20260826,20261024,401909855,1,Oct 24,2026-10-24T23:30Z,Xfinity Mobile Arena,PHI,76ers,Philadelphia,https://cdn.nba.com/logos/nba/1610612755/global/L/logo.svg,,MIL,Bucks,Milwaukee,https://cdn.nba.com/logos/nba/1610612749/global/L/logo.svg,
20260826,20261024,401909856,1,Oct 24,2026-10-25T00:00Z,State Farm Arena,ATL,Hawks,Atlanta,https://cdn.nba.com/logos/nba/1610612737/global/L/logo.svg,,HOU,Rockets,Houston,https://cdn.nba.com/logos/nba/1610612745/global/L/logo.svg,
20260826,20261024,401909857,1,Oct 24,2026-10-25T00:00Z,United Center,CHI,Bulls,Chicago,https://cdn.nba.com/logos/nba/1610612741/global/L/logo.svg,,WAS,Wizards,Washington,https://cdn.nba.com/logos/nba/1610612764/global/L/logo.svg,
20260826,20261024,401909858,1,Oct 24,2026-10-25T00:00Z,American Airlines Center,DAL,Mavericks,Dallas,https://cdn.nba.com/logos/nba/1610612742/global/L/logo.svg,,SAS,Spurs,San Antonio,https://cdn.nba.com/logos/nba/1610612759/global/L/logo.svg,
20260826,20261024,401909859,1,Oct 24,2026-10-25T01:00Z,Ball Arena,DEN,Nuggets,Denver,https://cdn.nba.com/logos/nba/1610612743/global/L/logo.svg,,NOP,Pelicans,New Orleans,https://cdn.nba.com/logos/nba/1610612740/global/L/logo.svg,
20260826,20261024,401909860,1,Oct 24,2026-10-25T02:00Z,Mortgage Matchup Center,PHX,Suns,Phoenix,https://cdn.nba.com/logos/nba/1610612756/global/L/logo.svg,,GSW,Warriors,Golden State,https://cdn.nba.com/logos/nba/1610612744/global/L/logo.svg,
20260826,20261025,401909861,1,Oct 25,2026-10-25T21:00Z,Delta Center,UTAH,Jazz,Utah,https://a.espncdn.com/i/teamlogos/nba/500/scoreboard/utah.png,,LAL,Lakers,Los Angeles,https://cdn.nba.com/logos/nba/1610612747/global/L/logo.svg,
20260826,20261025,401909862,1,Oct 25,2026-10-25T22:00Z,Barclays Center,BKN,Nets,Brooklyn,https://cdn.nba.com/logos/nba/1610612751/global/L/logo.svg,,IND,Pacers,Indiana,https://cdn.nba.com/logos/nba/1610612754/global/L/logo.svg,
20260826,20261025,401909863,1,Oct 25,2026-10-25T23:00Z,Madison Square Garden,NYK,Knicks,New York,https://cdn.nba.com/logos/nba/1610612752/global/L/logo.svg,,ORL,Magic,Orlando,https://cdn.nba.com/logos/nba/1610612753/global/L/logo.svg,
20260826,20261025,401909864,1,Oct 25,2026-10-25T23:00Z,Target Center,MIN,Timberwolves,Minnesota,https://cdn.nba.com/logos/nba/1610612750/global/L/logo.svg,,TOR,Raptors,Toronto,https://cdn.nba.com/logos/nba/1610612761/global/L/logo.svg,
20260826,20261025,401909865,1,Oct 25,2026-10-25T23:00Z,Paycom Center,OKC,Thunder,Oklahoma City,https://cdn.nba.com/logos/nba/1610612760/global/L/logo.svg,,LAC,Clippers,LA,https://cdn.nba.com/logos/nba/1610612746/global/L/logo.svg,
20260826,20261025,401909866,1,Oct 25,2026-10-25T23:30Z,Xfinity Mobile Arena,PHI,76ers,Philadelphia,https://cdn.nba.com/logos/nba/1610612755/global/L/logo.svg,,DET,Pistons,Detroit,https://cdn.nba.com/logos/nba/1610612765/global/L/logo.svg,
20260826,20261025,401909867,1,Oct 25,2026-10-26T01:00Z,Golden 1 Center,SAC,Kings,Sacramento,https://cdn.nba.com/logos/nba/1610612758/global/L/logo.svg,,MEM,Grizzlies,Memphis,https://cdn.nba.com/logos/nba/1610612763/global/L/logo.svg,
20260826,20261026,401909868,1,Oct 26,2026-10-26T23:00Z,Spectrum Center,CHA,Hornets,Charlotte,https://cdn.nba.com/logos/nba/1610612766/global/L/logo.svg,,WAS,Wizards,Washington,https://cdn.nba.com/logos/nba/1610612764/global/L/logo.svg,
20260826,20261026,401909869,1,Oct 26,2026-10-26T23:00Z,Rocket Arena,CLE,Cavaliers,Cleveland,https://cdn.nba.com/logos/nba/1610612739/global/L/logo.svg,,MIN,Timberwolves,Minnesota,https://cdn.nba.com/logos/nba/1610612750/global/L/logo.svg,
20260826,20261026,401909870,1,Oct 26,2026-10-26T23:30Z,TD Garden,BOS,Celtics,Boston,https://cdn.nba.com/logos/nba/1610612738/global/L/logo.svg,,CHI,Bulls,Chicago,https://cdn.nba.com/logos/nba/1610612741/global/L/logo.svg,
20260826,20261026,401909871,1,Oct 26,2026-10-26T23:30Z,Kaseya Center,MIA,Heat,Miami,https://cdn.nba.com/logos/nba/1610612748/global/L/logo.svg,,DAL,Mavericks,Dallas,https://cdn.nba.com/logos/nba/1610612742/global/L/logo.svg,
20260826,20261026,401909872,1,Oct 26,2026-10-27T00:00Z,Fiserv Forum,MIL,Bucks,Milwaukee,https://cdn.nba.com/logos/nba/1610612749/global/L/logo.svg,,IND,Pacers,Indiana,https://cdn.nba.com/logos/nba/1610612754/global/L/logo.svg,
20260826,20261026,401909873,1,Oct 26,2026-10-27T00:00Z,Paycom Center,OKC,Thunder,Oklahoma City,https://cdn.nba.com/logos/nba/1610612760/global/L/logo.svg,,PHX,Suns,Phoenix,https://cdn.nba.com/logos/nba/1610612756/global/L/logo.svg,
20260826,20261026,401909874,1,Oct 26,2026-10-27T00:30Z,Toyota Center (Houston),HOU,Rockets,Houston,https://cdn.nba.com/logos/nba/1610612745/global/L/logo.svg,,ATL,Hawks,Atlanta,https://cdn.nba.com/logos/nba/1610612737/global/L/logo.svg,
20260826,20261026,401909875,1,Oct 26,2026-10-27T01:00Z,Delta Center,UTAH,Jazz,Utah,https://a.espncdn.com/i/teamlogos/nba/500/scoreboard/utah.png,,MEM,Grizzlies,Memphis,https://cdn.nba.com/logos/nba/1610612763/global/L/logo.svg,
20260826,20261026,401909876,1,Oct 26,2026-10-27T02:00Z,Ball Arena,DEN,Nuggets,Denver,https://cdn.nba.com/logos/nba/1610612743/global/L/logo.svg,,GSW,Warriors,Golden State,https://cdn.nba.com/logos/nba/1610612744/global/L/logo.svg,
20260826,20261027,401909877,1,Oct 27,2026-10-27T23:30Z,TD Garden,BOS,Celtics,Boston,https://cdn.nba.com/logos/nba/1610612738/global/L/logo.svg,,BKN,Nets,Brooklyn,https://cdn.nba.com/logos/nba/1610612751/global/L/logo.svg,
20260826,20261027,401909878,1,Oct 27,2026-10-28T00:00Z,Madison Square Garden,NYK,Knicks,New York,https://cdn.nba.com/logos/nba/1610612752/global/L/logo.svg,,DET,Pistons,Detroit,https://cdn.nba.com/logos/nba/1610612765/global/L/logo.svg,
20260826,20261027,401909879,1,Oct 27,2026-10-28T00:00Z,Frost Bank Center,SAS,Spurs,San Antonio,https://cdn.nba.com/logos/nba/1610612759/global/L/logo.svg,,SAC,Kings,Sacramento,https://cdn.nba.com/logos/nba/1610612758/global/L/logo.svg,
20260826,20261027,401909880,1,Oct 27,2026-10-28T03:00Z,crypto.com Arena,LAL,Lakers,Los Angeles,https://cdn.nba.com/logos/nba/1610612747/global/L/logo.svg,,POR,Trail Blazers,Portland,https://cdn.nba.com/logos/nba/1610612757/global/L/logo.svg,
20260826,20261028,401909881,1,Oct 28,2026-10-28T23:00Z,State Farm Arena,ATL,Hawks,Atlanta,https://cdn.nba.com/logos/nba/1610612737/global/L/logo.svg,,MIA,Heat,Miami,https://cdn.nba.com/logos/nba/1610612748/global/L/logo.svg,
20260826,20261028,401909882,1,Oct 28,2026-10-28T23:00Z,Rocket Arena,CLE,Cavaliers,Cleveland,https://cdn.nba.com/logos/nba/1610612739/global/L/logo.svg,,WAS,Wizards,Washington,https://cdn.nba.com/logos/nba/1610612764/global/L/logo.svg,
20260826,20261028,401909883,1,Oct 28,2026-10-28T23:00Z,Little Caesars Arena,DET,Pistons,Detroit,https://cdn.nba.com/logos/nba/1610612765/global/L/logo.svg,,CHA,Hornets,Charlotte,https://cdn.nba.com/logos/nba/1610612766/global/L/logo.svg,
20260826,20261028,401909884,1,Oct 28,2026-10-28T23:00Z,Gainbridge Fieldhouse,IND,Pacers,Indiana,https://cdn.nba.com/logos/nba/1610612754/global/L/logo.svg,,PHI,76ers,Philadelphia,https://cdn.nba.com/logos/nba/1610612755/global/L/logo.svg,
20260826,20261028,401909885,1,Oct 28,2026-10-28T23:30Z,Scotiabank Arena,TOR,Raptors,Toronto,https://cdn.nba.com/logos/nba/1610612761/global/L/logo.svg,,ORL,Magic,Orlando,https://cdn.nba.com/logos/nba/1610612753/global/L/logo.svg,
20260826,20261028,401909886,1,Oct 28,2026-10-29T00:00Z,United Center,CHI,Bulls,Chicago,https://cdn.nba.com/logos/nba/1610612741/global/L/logo.svg,,NYK,Knicks,New York,https://cdn.nba.com/logos/nba/1610612752/global/L/logo.svg,
20260826,20261028,401909887,1,Oct 28,2026-10-29T00:00Z,Fiserv Forum,MIL,Bucks,Milwaukee,https://cdn.nba.com/logos/nba/1610612749/global/L/logo.svg,,HOU,Rockets,Houston,https://cdn.nba.com/logos/nba/1610612745/global/L/logo.svg,
20260826,20261028,401909888,1,Oct 28,2026-10-29T00:00Z,Target Center,MIN,Timberwolves,Minnesota,https://cdn.nba.com/logos/nba/1610612750/global/L/logo.svg,,GSW,Warriors,Golden State,https://cdn.nba.com/logos/nba/1610612744/global/L/logo.svg,
20260826,20261028,401909889,1,Oct 28,2026-10-29T00:00Z,Smoothie King Center,NOP,Pelicans,New Orleans,https://cdn.nba.com/logos/nba/1610612740/global/L/logo.svg,,DEN,Nuggets,Denver,https://cdn.nba.com/logos/nba/1610612743/global/L/logo.svg,
20260826,20261028,401909890,1,Oct 28,2026-10-29T01:00Z,Delta Center,UTAH,Jazz,Utah,https://a.espncdn.com/i/teamlogos/nba/500/scoreboard/utah.png,,SAS,Spurs,San Antonio,https://cdn.nba.com/logos/nba/1610612759/global/L/logo.svg,
20260826,20261028,401909891,1,Oct 28,2026-10-29T01:30Z,American Airlines Center,DAL,Mavericks,Dallas,https://cdn.nba.com/logos/nba/1610612742/global/L/logo.svg,,OKC,Thunder,Oklahoma City,https://cdn.nba.com/logos/nba/1610612760/global/L/logo.svg,
20260826,20261028,401909892,1,Oct 28,2026-10-29T02:30Z,Intuit Dome,LAC,Clippers,LA,https://cdn.nba.com/logos/nba/1610612746/global/L/logo.svg,,LAL,Lakers,Los Angeles,https://cdn.nba.com/logos/nba/1610612747/global/L/logo.svg,
20260826,20261029,401909893,1,Oct 29,2026-10-29T23:00Z,State Farm Arena,ATL,Hawks,Atlanta,https://cdn.nba.com/logos/nba/1610612737/global/L/logo.svg,,CLE,Cavaliers,Cleveland,https://cdn.nba.com/logos/nba/1610612739/global/L/logo.svg,
20260826,20261029,401909894,1,Oct 29,2026-10-30T00:00Z,Smoothie King Center,NOP,Pelicans,New Orleans,https://cdn.nba.com/logos/nba/1610612740/global/L/logo.svg,,SAC,Kings,Sacramento,https://cdn.nba.com/logos/nba/1610612758/global/L/logo.svg,
20260826,20261029,401909895,1,Oct 29,2026-10-30T02:00Z,Moda Center,POR,Trail Blazers,Portland,https://cdn.nba.com/logos/nba/1610612757/global/L/logo.svg,,MEM,Grizzlies,Memphis,https://cdn.nba.com/logos/nba/1610612763/global/L/logo.svg,
20260826,20261030,401909277,1,Oct 30,2026-10-30T23:00Z,Capital One Arena,WAS,Wizards,Washington,https://cdn.nba.com/logos/nba/1610612764/global/L/logo.svg,,CHA,Hornets,Charlotte,https://cdn.nba.com/logos/nba/1610612766/global/L/logo.svg,
20260826,20261030,401909278,1,Oct 30,2026-10-30T23:30Z,TD Garden,BOS,Celtics,Boston,https://cdn.nba.com/logos/nba/1610612738/global/L/logo.svg,,CHI,Bulls,Chicago,https://cdn.nba.com/logos/nba/1610612741/global/L/logo.svg,
20260826,20261030,401909279,1,Oct 30,2026-10-30T23:30Z,Barclays Center,BKN,Nets,Brooklyn,https://cdn.nba.com/logos/nba/1610612751/global/L/logo.svg,,DET,Pistons,Detroit,https://cdn.nba.com/logos/nba/1610612765/global/L/logo.svg,
20260826,20261030,401909280,1,Oct 30,2026-10-30T23:30Z,Xfinity Mobile Arena,PHI,76ers,Philadelphia,https://cdn.nba.com/logos/nba/1610612755/global/L/logo.svg,,NYK,Knicks,New York,https://cdn.nba.com/logos/nba/1610612752/global/L/logo.svg,
20260826,20261030,401909281,1,Oct 30,2026-10-30T23:30Z,Scotiabank Arena,TOR,Raptors,Toronto,https://cdn.nba.com/logos/nba/1610612761/global/L/logo.svg,,ORL,Magic,Orlando,https://cdn.nba.com/logos/nba/1610612753/global/L/logo.svg,
20260826,20261030,401909282,1,Oct 30,2026-10-31T00:00Z,Kaseya Center,MIA,Heat,Miami,https://cdn.nba.com/logos/nba/1610612748/global/L/logo.svg,,IND,Pacers,Indiana,https://cdn.nba.com/logos/nba/1610612754/global/L/logo.svg,
20260826,20261030,401909283,1,Oct 30,2026-10-31T00:00Z,American Airlines Center,DAL,Mavericks,Dallas,https://cdn.nba.com/logos/nba/1610612742/global/L/logo.svg,,HOU,Rockets,Houston,https://cdn.nba.com/logos/nba/1610612745/global/L/logo.svg,
20260826,20261030,401909284,1,Oct 30,2026-10-31T00:00Z,Target Center,MIN,Timberwolves,Minnesota,https://cdn.nba.com/logos/nba/1610612750/global/L/logo.svg,,LAC,Clippers,LA,https://cdn.nba.com/logos/nba/1610612746/global/L/logo.svg,
20260826,20261030,401909285,1,Oct 30,2026-10-31T02:00Z,Chase Center,GSW,Warriors,Golden State,https://cdn.nba.com/logos/nba/1610612744/global/L/logo.svg,,LAL,Lakers,Los Angeles,https://cdn.nba.com/logos/nba/1610612747/global/L/logo.svg,
20260826,20261030,401909286,1,Oct 30,2026-10-31T02:00Z,Mortgage Matchup Center,PHX,Suns,Phoenix,https://cdn.nba.com/logos/nba/1610612756/global/L/logo.svg,,DEN,Nuggets,Denver,https://cdn.nba.com/logos/nba/1610612743/global/L/logo.svg,
20260826,20261031,401909896,1,Oct 31,2026-10-31T19:00Z,Delta Center,UTAH,Jazz,Utah,https://a.espncdn.com/i/teamlogos/nba/500/scoreboard/utah.png,,POR,Trail Blazers,Portland,https://cdn.nba.com/logos/nba/1610612757/global/L/logo.svg,
20260826,20261031,401909897,1,Oct 31,2026-10-31T22:00Z,Spectrum Center,CHA,Hornets,Charlotte,https://cdn.nba.com/logos/nba/1610612766/global/L/logo.svg,,PHI,76ers,Philadelphia,https://cdn.nba.com/logos/nba/1610612755/global/L/logo.svg,
20260826,20261031,401909898,1,Oct 31,2026-10-31T23:00Z,Smoothie King Center,NOP,Pelicans,New Orleans,https://cdn.nba.com/logos/nba/1610612740/global/L/logo.svg,,ATL,Hawks,Atlanta,https://cdn.nba.com/logos/nba/1610612737/global/L/logo.svg,
20260826,20261031,401909899,1,Oct 31,2026-11-01T00:00Z,FedExForum,MEM,Grizzlies,Memphis,https://cdn.nba.com/logos/nba/1610612763/global/L/logo.svg,,SAC,Kings,Sacramento,https://cdn.nba.com/logos/nba/1610612758/global/L/logo.svg,
20260826,20261031,401909900,1,Oct 31,2026-11-01T00:00Z,Fiserv Forum,MIL,Bucks,Milwaukee,https://cdn.nba.com/logos/nba/1610612749/global/L/logo.svg,,CLE,Cavaliers,Cleveland,https://cdn.nba.com/logos/nba/1610612739/global/L/logo.svg,
20260826,20261031,401909901,1,Oct 31,2026-11-01T00:00Z,Frost Bank Center,SAS,Spurs,San Antonio,https://cdn.nba.com/logos/nba/1610612759/global/L/logo.svg,,MIN,Timberwolves,Minnesota,https://cdn.nba.com/logos/nba/1610612750/global/L/logo.svg,
20260826,20261031,401909902,1,Oct 31,2026-11-01T00:30Z,Toyota Center (Houston),HOU,Rockets,Houston,https://cdn.nba.com/logos/nba/1610612745/global/L/logo.svg,,OKC,Thunder,Oklahoma City,https://cdn.nba.com/logos/nba/1610612760/global/L/logo.svg,
20260826,20261101,401909903,1,Nov 01,2026-11-01T20:30Z,Kia Center,ORL,Magic,Orlando,https://cdn.nba.com/logos/nba/1610612753/global/L/logo.svg,,BOS,Celtics,Boston,https://cdn.nba.com/logos/nba/1610612738/global/L/logo.svg,
20260826,20261101,401909904,1,Nov 01,2026-11-01T22:00Z,Gainbridge Fieldhouse,IND,Pacers,Indiana,https://cdn.nba.com/logos/nba/1610612754/global/L/logo.svg,,BKN,Nets,Brooklyn,https://cdn.nba.com/logos/nba/1610612751/global/L/logo.svg,
20260826,20261101,401909905,1,Nov 01,2026-11-02T01:30Z,Chase Center,GSW,Warriors,Golden State,https://cdn.nba.com/logos/nba/1610612744/global/L/logo.svg,,LAC,Clippers,LA,https://cdn.nba.com/logos/nba/1610612746/global/L/logo.svg,
20260826,20261101,401909906,1,Nov 01,2026-11-02T02:00Z,crypto.com Arena,LAL,Lakers,Los Angeles,https://cdn.nba.com/logos/nba/1610612747/global/L/logo.svg,,TOR,Raptors,Toronto,https://cdn.nba.com/logos/nba/1610612761/global/L/logo.svg,
20260826,20261102,401909907,1,Nov 02,2026-11-03T00:00Z,Rocket Arena,CLE,Cavaliers,Cleveland,https://cdn.nba.com/logos/nba/1610612739/global/L/logo.svg,,OKC,Thunder,Oklahoma City,https://cdn.nba.com/logos/nba/1610612760/global/L/logo.svg,
20260826,20261102,401909908,1,Nov 02,2026-11-03T00:30Z,Spectrum Center,CHA,Hornets,Charlotte,https://cdn.nba.com/logos/nba/1610612766/global/L/logo.svg,,DET,Pistons,Detroit,https://cdn.nba.com/logos/nba/1610612765/global/L/logo.svg,
20260826,20261102,401909909,1,Nov 02,2026-11-03T00:30Z,Gainbridge Fieldhouse,IND,Pacers,Indiana,https://cdn.nba.com/logos/nba/1610612754/global/L/logo.svg,,ATL,Hawks,Atlanta,https://cdn.nba.com/logos/nba/1610612737/global/L/logo.svg,
20260826,20261102,401909910,1,Nov 02,2026-11-03T00:30Z,Madison Square Garden,NYK,Knicks,New York,https://cdn.nba.com/logos/nba/1610612752/global/L/logo.svg,,BKN,Nets,Brooklyn,https://cdn.nba.com/logos/nba/1610612751/global/L/logo.svg,
20260826,20261102,401909911,1,Nov 02,2026-11-03T00:30Z,Kia Center,ORL,Magic,Orlando,https://cdn.nba.com/logos/nba/1610612753/global/L/logo.svg,,WAS,Wizards,Washington,https://cdn.nba.com/logos/nba/1610612764/global/L/logo.svg,
20260826,20261102,401909912,1,Nov 02,2026-11-03T00:30Z,Xfinity Mobile Arena,PHI,76ers,Philadelphia,https://cdn.nba.com/logos/nba/1610612755/global/L/logo.svg,,CHI,Bulls,Chicago,https://cdn.nba.com/logos/nba/1610612741/global/L/logo.svg,
20260826,20261102,401909913,1,Nov 02,2026-11-03T01:00Z,American Airlines Center,DAL,Mavericks,Dallas,https://cdn.nba.com/logos/nba/1610612742/global/L/logo.svg,,SAC,Kings,Sacramento,https://cdn.nba.com/logos/nba/1610612758/global/L/logo.svg,
20260826,20261102,401909914,1,Nov 02,2026-11-03T01:00Z,FedExForum,MEM,Grizzlies,Memphis,https://cdn.nba.com/logos/nba/1610612763/global/L/logo.svg,,NOP,Pelicans,New Orleans,https://cdn.nba.com/logos/nba/1610612740/global/L/logo.svg,
20260826,20261102,401909915,1,Nov 02,2026-11-03T01:00Z,Target Center,MIN,Timberwolves,Minnesota,https://cdn.nba.com/logos/nba/1610612750/global/L/logo.svg,,MIL,Bucks,Milwaukee,https://cdn.nba.com/logos/nba/1610612749/global/L/logo.svg,
20260826,20261102,401909916,1,Nov 02,2026-11-03T01:30Z,Toyota Center (Houston),HOU,Rockets,Houston,https://cdn.nba.com/logos/nba/1610612745/global/L/logo.svg,,BOS,Celtics,Boston,https://cdn.nba.com/logos/nba/1610612738/global/L/logo.svg,
20260826,20261102,401909917,1,Nov 02,2026-11-03T01:30Z,Frost Bank Center,SAS,Spurs,San Antonio,https://cdn.nba.com/logos/nba/1610612759/global/L/logo.svg,,UTAH,Jazz,Utah,https://a.espncdn.com/i/teamlogos/nba/500/scoreboard/utah.png,
20260826,20261102,401909918,1,Nov 02,2026-11-03T02:00Z,Ball Arena,DEN,Nuggets,Denver,https://cdn.nba.com/logos/nba/1610612743/global/L/logo.svg,,POR,Trail Blazers,Portland,https://cdn.nba.com/logos/nba/1610612757/global/L/logo.svg,
20260826,20261102,401909919,1,Nov 02,2026-11-03T03:00Z,Chase Center,GSW,Warriors,Golden State,https://cdn.nba.com/logos/nba/1610612744/global/L/logo.svg,,PHX,Suns,Phoenix,https://cdn.nba.com/logos/nba/1610612756/global/L/logo.svg,
20260826,20261102,401909920,1,Nov 02,2026-11-03T03:00Z,Intuit Dome,LAC,Clippers,LA,https://cdn.nba.com/logos/nba/1610612746/global/L/logo.svg,,TOR,Raptors,Toronto,https://cdn.nba.com/logos/nba/1610612761/global/L/logo.svg,
20260826,20261102,401909921,1,Nov 02,2026-11-03T03:00Z,crypto.com Arena,LAL,Lakers,Los Angeles,https://cdn.nba.com/logos/nba/1610612747/global/L/logo.svg,,MIA,Heat,Miami,https://cdn.nba.com/logos/nba/1610612748/global/L/logo.svg,
20260826,20261104,401909922,1,Nov 04,2026-11-05T00:00Z,Little Caesars Arena,DET,Pistons,Detroit,https://cdn.nba.com/logos/nba/1610612765/global/L/logo.svg,,PHI,76ers,Philadelphia,https://cdn.nba.com/logos/nba/1610612755/global/L/logo.svg,
20260826,20261104,401909923,1,Nov 04,2026-11-05T00:00Z,Capital One Arena,WAS,Wizards,Washington,https://cdn.nba.com/logos/nba/1610612764/global/L/logo.svg,,ATL,Hawks,Atlanta,https://cdn.nba.com/logos/nba/1610612737/global/L/logo.svg,
20260826,20261104,401909924,1,Nov 04,2026-11-05T00:30Z,TD Garden,BOS,Celtics,Boston,https://cdn.nba.com/logos/nba/1610612738/global/L/logo.svg,,MIL,Bucks,Milwaukee,https://cdn.nba.com/logos/nba/1610612749/global/L/logo.svg,
20260826,20261104,401909925,1,Nov 04,2026-11-05T00:30Z,Barclays Center,BKN,Nets,Brooklyn,https://cdn.nba.com/logos/nba/1610612751/global/L/logo.svg,,CHA,Hornets,Charlotte,https://cdn.nba.com/logos/nba/1610612766/global/L/logo.svg,
20260826,20261104,401909926,1,Nov 04,2026-11-05T00:30Z,Madison Square Garden,NYK,Knicks,New York,https://cdn.nba.com/logos/nba/1610612752/global/L/logo.svg,,CHI,Bulls,Chicago,https://cdn.nba.com/logos/nba/1610612741/global/L/logo.svg,
20260826,20261104,401909927,1,Nov 04,2026-11-05T01:00Z,FedExForum,MEM,Grizzlies,Memphis,https://cdn.nba.com/logos/nba/1610612763/global/L/logo.svg,,IND,Pacers,Indiana,https://cdn.nba.com/logos/nba/1610612754/global/L/logo.svg,
20260826,20261104,401909928,1,Nov 04,2026-11-05T01:00Z,Smoothie King Center,NOP,Pelicans,New Orleans,https://cdn.nba.com/logos/nba/1610612740/global/L/logo.svg,,UTAH,Jazz,Utah,https://a.espncdn.com/i/teamlogos/nba/500/scoreboard/utah.png,
20260826,20261104,401909929,1,Nov 04,2026-11-05T01:00Z,Paycom Center,OKC,Thunder,Oklahoma City,https://cdn.nba.com/logos/nba/1610612760/global/L/logo.svg,,CLE,Cavaliers,Cleveland,https://cdn.nba.com/logos/nba/1610612739/global/L/logo.svg,
20260826,20261104,401909930,1,Nov 04,2026-11-05T01:30Z,Toyota Center (Houston),HOU,Rockets,Houston,https://cdn.nba.com/logos/nba/1610612745/global/L/logo.svg,,MIN,Timberwolves,Minnesota,https://cdn.nba.com/logos/nba/1610612750/global/L/logo.svg,
20260826,20261104,401909931,1,Nov 04,2026-11-05T02:00Z,Ball Arena,DEN,Nuggets,Denver,https://cdn.nba.com/logos/nba/1610612743/global/L/logo.svg,,TOR,Raptors,Toronto,https://cdn.nba.com/logos/nba/1610612761/global/L/logo.svg,
20260826,20261104,401909932,1,Nov 04,2026-11-05T02:00Z,Mortgage Matchup Center,PHX,Suns,Phoenix,https://cdn.nba.com/logos/nba/1610612756/global/L/logo.svg,,POR,Trail Blazers,Portland,https://cdn.nba.com/logos/nba/1610612757/global/L/logo.svg,
20260826,20261104,401909933,1,Nov 04,2026-11-05T02:30Z,Frost Bank Center,SAS,Spurs,San Antonio,https://cdn.nba.com/logos/nba/1610612759/global/L/logo.svg,,DAL,Mavericks,Dallas,https://cdn.nba.com/logos/nba/1610612742/global/L/logo.svg,
20260826,20261104,401909934,1,Nov 04,2026-11-05T03:00Z,Golden 1 Center,SAC,Kings,Sacramento,https://cdn.nba.com/logos/nba/1610612758/global/L/logo.svg,,LAL,Lakers,Los Angeles,https://cdn.nba.com/logos/nba/1610612747/global/L/logo.svg,
20260826,20261104,401909935,1,Nov 04,2026-11-05T03:30Z,Intuit Dome,LAC,Clippers,LA,https://cdn.nba.com/logos/nba/1610612746/global/L/logo.svg,,MIA,Heat,Miami,https://cdn.nba.com/logos/nba/1610612748/global/L/logo.svg,
20260826,20261105,401909936,1,Nov 05,2026-11-06T02:00Z,Mortgage Matchup Center,PHX,Suns,Phoenix,https://cdn.nba.com/logos/nba/1610612756/global/L/logo.svg,,ORL,Magic,Orlando,https://cdn.nba.com/logos/nba/1610612753/global/L/logo.svg,
20260826,20261105,401909937,1,Nov 05,2026-11-06T03:00Z,Chase Center,GSW,Warriors,Golden State,https://cdn.nba.com/logos/nba/1610612744/global/L/logo.svg,,MIA,Heat,Miami,https://cdn.nba.com/logos/nba/1610612748/global/L/logo.svg,
20260826,20261106,401909287,1,Nov 06,2026-11-07T00:00Z,State Farm Arena,ATL,Hawks,Atlanta,https://cdn.nba.com/logos/nba/1610612737/global/L/logo.svg,,WAS,Wizards,Washington,https://cdn.nba.com/logos/nba/1610612764/global/L/logo.svg,
20260826,20261106,401909288,1,Nov 06,2026-11-07T00:00Z,Spectrum Center,CHA,Hornets,Charlotte,https://cdn.nba.com/logos/nba/1610612766/global/L/logo.svg,,BOS,Celtics,Boston,https://cdn.nba.com/logos/nba/1610612738/global/L/logo.svg,
20260826,20261106,401909289,1,Nov 06,2026-11-07T00:30Z,Rocket Arena,CLE,Cavaliers,Cleveland,https://cdn.nba.com/logos/nba/1610612739/global/L/logo.svg,,PHI,76ers,Philadelphia,https://cdn.nba.com/logos/nba/1610612755/global/L/logo.svg,
20260826,20261106,401909290,1,Nov 06,2026-11-07T01:00Z,American Airlines Center,DAL,Mavericks,Dallas,https://cdn.nba.com/logos/nba/1610612742/global/L/logo.svg,,UTAH,Jazz,Utah,https://a.espncdn.com/i/teamlogos/nba/500/scoreboard/utah.png,
20260826,20261106,401909291,1,Nov 06,2026-11-07T01:00Z,FedExForum,MEM,Grizzlies,Memphis,https://cdn.nba.com/logos/nba/1610612763/global/L/logo.svg,,OKC,Thunder,Oklahoma City,https://cdn.nba.com/logos/nba/1610612760/global/L/logo.svg,
20260826,20261106,401909292,1,Nov 06,2026-11-07T01:00Z,Fiserv Forum,MIL,Bucks,Milwaukee,https://cdn.nba.com/logos/nba/1610612749/global/L/logo.svg,,TOR,Raptors,Toronto,https://cdn.nba.com/logos/nba/1610612761/global/L/logo.svg,
20260826,20261106,401909293,1,Nov 06,2026-11-07T01:00Z,Smoothie King Center,NOP,Pelicans,New Orleans,https://cdn.nba.com/logos/nba/1610612740/global/L/logo.svg,,MIN,Timberwolves,Minnesota,https://cdn.nba.com/logos/nba/1610612750/global/L/logo.svg,
20260826,20261106,401909294,1,Nov 06,2026-11-07T03:00Z,crypto.com Arena,LAL,Lakers,Los Angeles,https://cdn.nba.com/logos/nba/1610612747/global/L/logo.svg,,POR,Trail Blazers,Portland,https://cdn.nba.com/logos/nba/1610612757/global/L/logo.svg,
20260826,20261106,401909295,1,Nov 06,2026-11-07T03:00Z,Golden 1 Center,SAC,Kings,Sacramento,https://cdn.nba.com/logos/nba/1610612758/global/L/logo.svg,,SAS,Spurs,San Antonio,https://cdn.nba.com/logos/nba/1610612759/global/L/logo.svg,
20260826,20261107,401909938,1,Nov 07,2026-11-07T22:00Z,Arena CDMX,IND,Pacers,Indiana,https://cdn.nba.com/logos/nba/1610612754/global/L/logo.svg,,DEN,Nuggets,Denver,https://cdn.nba.com/logos/nba/1610612743/global/L/logo.svg,
20260826,20261107,401909939,1,Nov 07,2026-11-08T00:30Z,State Farm Arena,ATL,Hawks,Atlanta,https://cdn.nba.com/logos/nba/1610612737/global/L/logo.svg,,BKN,Nets,Brooklyn,https://cdn.nba.com/logos/nba/1610612751/global/L/logo.svg,
20260826,20261107,401909940,1,Nov 07,2026-11-08T01:00Z,Rocket Arena,CLE,Cavaliers,Cleveland,https://cdn.nba.com/logos/nba/1610612739/global/L/logo.svg,,NYK,Knicks,New York,https://cdn.nba.com/logos/nba/1610612752/global/L/logo.svg,
20260826,20261107,401909941,1,Nov 07,2026-11-08T01:00Z,Paycom Center,OKC,Thunder,Oklahoma City,https://cdn.nba.com/logos/nba/1610612760/global/L/logo.svg,,WAS,Wizards,Washington,https://cdn.nba.com/logos/nba/1610612764/global/L/logo.svg,
20260826,20261107,401909942,1,Nov 07,2026-11-08T01:30Z,Chase Center,GSW,Warriors,Golden State,https://cdn.nba.com/logos/nba/1610612744/global/L/logo.svg,,ORL,Magic,Orlando,https://cdn.nba.com/logos/nba/1610612753/global/L/logo.svg,
20260826,20261107,401909943,1,Nov 07,2026-11-08T02:00Z,Mortgage Matchup Center,PHX,Suns,Phoenix,https://cdn.nba.com/logos/nba/1610612756/global/L/logo.svg,,HOU,Rockets,Houston,https://cdn.nba.com/logos/nba/1610612745/global/L/logo.svg,
20260826,20261107,401909944,1,Nov 07,2026-11-08T03:00Z,Moda Center,POR,Trail Blazers,Portland,https://cdn.nba.com/logos/nba/1610612757/global/L/logo.svg,,SAS,Spurs,San Antonio,https://cdn.nba.com/logos/nba/1610612759/global/L/logo.svg,
20260826,20261108,401909945,1,Nov 08,2026-11-08T20:30Z,United Center,CHI,Bulls,Chicago,https://cdn.nba.com/logos/nba/1610612741/global/L/logo.svg,,PHI,76ers,Philadelphia,https://cdn.nba.com/logos/nba/1610612755/global/L/logo.svg,
20260826,20261108,401909946,1,Nov 08,2026-11-08T23:00Z,Little Caesars Arena,DET,Pistons,Detroit,https://cdn.nba.com/logos/nba/1610612765/global/L/logo.svg,,LAL,Lakers,Los Angeles,https://cdn.nba.com/logos/nba/1610612747/global/L/logo.svg,
20260826,20261108,401909947,1,Nov 08,2026-11-09T00:00Z,Target Center,MIN,Timberwolves,Minnesota,https://cdn.nba.com/logos/nba/1610612750/global/L/logo.svg,,UTAH,Jazz,Utah,https://a.espncdn.com/i/teamlogos/nba/500/scoreboard/utah.png,
20260826,20261108,401909948,1,Nov 08,2026-11-09T00:30Z,American Airlines Center,DAL,Mavericks,Dallas,https://cdn.nba.com/logos/nba/1610612742/global/L/logo.svg,,BKN,Nets,Brooklyn,https://cdn.nba.com/logos/nba/1610612751/global/L/logo.svg,
20260826,20261108,401909949,1,Nov 08,2026-11-09T01:00Z,Fiserv Forum,MIL,Bucks,Milwaukee,https://cdn.nba.com/logos/nba/1610612749/global/L/logo.svg,,BOS,Celtics,Boston,https://cdn.nba.com/logos/nba/1610612738/global/L/logo.svg,
20260826,20261108,401909950,1,Nov 08,2026-11-09T02:00Z,Intuit Dome,LAC,Clippers,LA,https://cdn.nba.com/logos/nba/1610612746/global/L/logo.svg,,NOP,Pelicans,New Orleans,https://cdn.nba.com/logos/nba/1610612740/global/L/logo.svg,
20260826,20261108,401909951,1,Nov 08,2026-11-09T02:00Z,Golden 1 Center,SAC,Kings,Sacramento,https://cdn.nba.com/logos/nba/1610612758/global/L/logo.svg,,MIA,Heat,Miami,https://cdn.nba.com/logos/nba/1610612748/global/L/logo.svg,
20260826,20261109,401909952,1,Nov 09,2026-11-10T00:00Z,State Farm Arena,ATL,Hawks,Atlanta,https://cdn.nba.com/logos/nba/1610612737/global/L/logo.svg,,LAL,Lakers,Los Angeles,https://cdn.nba.com/logos/nba/1610612747/global/L/logo.svg,
20260826,20261109,401909953,1,Nov 09,2026-11-10T00:00Z,Spectrum Center,CHA,Hornets,Charlotte,https://cdn.nba.com/logos/nba/1610612766/global/L/logo.svg,,CLE,Cavaliers,Cleveland,https://cdn.nba.com/logos/nba/1610612739/global/L/logo.svg,
20260826,20261109,401909954,1,Nov 09,2026-11-10T00:00Z,Little Caesars Arena,DET,Pistons,Detroit,https://cdn.nba.com/logos/nba/1610612765/global/L/logo.svg,,WAS,Wizards,Washington,https://cdn.nba.com/logos/nba/1610612764/global/L/logo.svg,
20260826,20261109,401909955,1,Nov 09,2026-11-10T00:30Z,Scotiabank Arena,TOR,Raptors,Toronto,https://cdn.nba.com/logos/nba/1610612761/global/L/logo.svg,,MEM,Grizzlies,Memphis,https://cdn.nba.com/logos/nba/1610612763/global/L/logo.svg,
20260826,20261109,401909956,1,Nov 09,2026-11-10T01:00Z,American Airlines Center,DAL,Mavericks,Dallas,https://cdn.nba.com/logos/nba/1610612742/global/L/logo.svg,,IND,Pacers,Indiana,https://cdn.nba.com/logos/nba/1610612754/global/L/logo.svg,
20260826,20261109,401909957,1,Nov 09,2026-11-10T01:30Z,Toyota Center (Houston),HOU,Rockets,Houston,https://cdn.nba.com/logos/nba/1610612745/global/L/logo.svg,,DEN,Nuggets,Denver,https://cdn.nba.com/logos/nba/1610612743/global/L/logo.svg,
20260826,20261109,401909958,1,Nov 09,2026-11-10T02:00Z,Mortgage Matchup Center,PHX,Suns,Phoenix,https://cdn.nba.com/logos/nba/1610612756/global/L/logo.svg,,SAS,Spurs,San Antonio,https://cdn.nba.com/logos/nba/1610612759/global/L/logo.svg,
20260826,20261109,401909959,1,Nov 09,2026-11-10T03:00Z,Chase Center,GSW,Warriors,Golden State,https://cdn.nba.com/logos/nba/1610612744/global/L/logo.svg,,NOP,Pelicans,New Orleans,https://cdn.nba.com/logos/nba/1610612740/global/L/logo.svg,
20260826,20261110,401909960,1,Nov 10,2026-11-11T00:30Z,Madison Square Garden,NYK,Knicks,New York,https://cdn.nba.com/logos/nba/1610612752/global/L/logo.svg,,MIL,Bucks,Milwaukee,https://cdn.nba.com/logos/nba/1610612749/global/L/logo.svg,
20260826,20261110,401909961,1,Nov 10,2026-11-11T01:00Z,Xfinity Mobile Arena,PHI,76ers,Philadelphia,https://cdn.nba.com/logos/nba/1610612755/global/L/logo.svg,,BOS,Celtics,Boston,https://cdn.nba.com/logos/nba/1610612738/global/L/logo.svg,
20260826,20261110,401909962,1,Nov 10,2026-11-11T02:00Z,Mortgage Matchup Center,PHX,Suns,Phoenix,https://cdn.nba.com/logos/nba/1610612756/global/L/logo.svg,,LAC,Clippers,LA,https://cdn.nba.com/logos/nba/1610612746/global/L/logo.svg,
20260826,20261110,401909963,1,Nov 10,2026-11-11T02:00Z,Delta Center,UTAH,Jazz,Utah,https://a.espncdn.com/i/teamlogos/nba/500/scoreboard/utah.png,,MIA,Heat,Miami,https://cdn.nba.com/logos/nba/1610612748/global/L/logo.svg,
20260826,20261110,401909964,1,Nov 10,2026-11-11T03:00Z,Golden 1 Center,SAC,Kings,Sacramento,https://cdn.nba.com/logos/nba/1610612758/global/L/logo.svg,,ORL,Magic,Orlando,https://cdn.nba.com/logos/nba/1610612753/global/L/logo.svg,
20260826,20261110,401909965,1,Nov 10,2026-11-11T04:00Z,Moda Center,POR,Trail Blazers,Portland,https://cdn.nba.com/logos/nba/1610612757/global/L/logo.svg,,OKC,Thunder,Oklahoma City,https://cdn.nba.com/logos/nba/1610612760/global/L/logo.svg,
20260826,20261111,401909966,1,Nov 11,2026-11-12T00:00Z,Gainbridge Fieldhouse,IND,Pacers,Indiana,https://cdn.nba.com/logos/nba/1610612754/global/L/logo.svg,,WAS,Wizards,Washington,https://cdn.nba.com/logos/nba/1610612764/global/L/logo.svg,
20260826,20261111,401909967,1,Nov 11,2026-11-12T00:00Z,Madison Square Garden,NYK,Knicks,New York,https://cdn.nba.com/logos/nba/1610612752/global/L/logo.svg,,CLE,Cavaliers,Cleveland,https://cdn.nba.com/logos/nba/1610612739/global/L/logo.svg,
20260826,20261111,401909968,1,Nov 11,2026-11-12T00:00Z,Scotiabank Arena,TOR,Raptors,Toronto,https://cdn.nba.com/logos/nba/1610612761/global/L/logo.svg,,BOS,Celtics,Boston,https://cdn.nba.com/logos/nba/1610612738/global/L/logo.svg,
20260826,20261111,401909969,1,Nov 11,2026-11-12T01:00Z,United Center,CHI,Bulls,Chicago,https://cdn.nba.com/logos/nba/1610612741/global/L/logo.svg,,SAS,Spurs,San Antonio,https://cdn.nba.com/logos/nba/1610612759/global/L/logo.svg,
20260826,20261111,401909970,1,Nov 11,2026-11-12T01:00Z,FedExForum,MEM,Grizzlies,Memphis,https://cdn.nba.com/logos/nba/1610612763/global/L/logo.svg,,DEN,Nuggets,Denver,https://cdn.nba.com/logos/nba/1610612743/global/L/logo.svg,
20260826,20261111,401909971,1,Nov 11,2026-11-12T01:00Z,Fiserv Forum,MIL,Bucks,Milwaukee,https://cdn.nba.com/logos/nba/1610612749/global/L/logo.svg,,LAL,Lakers,Los Angeles,https://cdn.nba.com/logos/nba/1610612747/global/L/logo.svg,
20260826,20261111,401909972,1,Nov 11,2026-11-12T01:00Z,Smoothie King Center,NOP,Pelicans,New Orleans,https://cdn.nba.com/logos/nba/1610612740/global/L/logo.svg,,BKN,Nets,Brooklyn,https://cdn.nba.com/logos/nba/1610612751/global/L/logo.svg,
20260826,20261111,401909973,1,Nov 11,2026-11-12T02:00Z,Delta Center,UTAH,Jazz,Utah,https://a.espncdn.com/i/teamlogos/nba/500/scoreboard/utah.png,,ORL,Magic,Orlando,https://cdn.nba.com/logos/nba/1610612753/global/L/logo.svg,
20260826,20261111,401909974,1,Nov 11,2026-11-12T02:30Z,Toyota Center (Houston),HOU,Rockets,Houston,https://cdn.nba.com/logos/nba/1610612745/global/L/logo.svg,,GSW,Warriors,Golden State,https://cdn.nba.com/logos/nba/1610612744/global/L/logo.svg,
20260826,20261111,401909975,1,Nov 11,2026-11-12T03:00Z,Moda Center,POR,Trail Blazers,Portland,https://cdn.nba.com/logos/nba/1610612757/global/L/logo.svg,,OKC,Thunder,Oklahoma City,https://cdn.nba.com/logos/nba/1610612760/global/L/logo.svg,
20260826,20261112,401909976,1,Nov 12,2026-11-13T00:00Z,Xfinity Mobile Arena,PHI,76ers,Philadelphia,https://cdn.nba.com/logos/nba/1610612755/global/L/logo.svg,,TOR,Raptors,Toronto,https://cdn.nba.com/logos/nba/1610612761/global/L/logo.svg,
20260826,20261112,401909977,1,Nov 12,2026-11-13T00:00Z,Capital One Arena,WAS,Wizards,Washington,https://cdn.nba.com/logos/nba/1610612764/global/L/logo.svg,,DET,Pistons,Detroit,https://cdn.nba.com/logos/nba/1610612765/global/L/logo.svg,
20260826,20261112,401909978,1,Nov 12,2026-11-13T01:00Z,Target Center,MIN,Timberwolves,Minnesota,https://cdn.nba.com/logos/nba/1610612750/global/L/logo.svg,,DAL,Mavericks,Dallas,https://cdn.nba.com/logos/nba/1610612742/global/L/logo.svg,
20260826,20261112,401909979,1,Nov 12,2026-11-13T02:00Z,Mortgage Matchup Center,PHX,Suns,Phoenix,https://cdn.nba.com/logos/nba/1610612756/global/L/logo.svg,,CHA,Hornets,Charlotte,https://cdn.nba.com/logos/nba/1610612766/global/L/logo.svg,
20260826,20261113,401909296,1,Nov 13,2026-11-14T00:00Z,Gainbridge Fieldhouse,IND,Pacers,Indiana,https://cdn.nba.com/logos/nba/1610612754/global/L/logo.svg,,NYK,Knicks,New York,https://cdn.nba.com/logos/nba/1610612752/global/L/logo.svg,
20260826,20261113,401909297,1,Nov 13,2026-11-14T00:00Z,Kia Center,ORL,Magic,Orlando,https://cdn.nba.com/logos/nba/1610612753/global/L/logo.svg,,MIL,Bucks,Milwaukee,https://cdn.nba.com/logos/nba/1610612749/global/L/logo.svg,
20260826,20261113,401909298,1,Nov 13,2026-11-14T01:00Z,Kaseya Center,MIA,Heat,Miami,https://cdn.nba.com/logos/nba/1610612748/global/L/logo.svg,,CLE,Cavaliers,Cleveland,https://cdn.nba.com/logos/nba/1610612739/global/L/logo.svg,
20260826,20261113,401909299,1,Nov 13,2026-11-14T01:00Z,United Center,CHI,Bulls,Chicago,https://cdn.nba.com/logos/nba/1610612741/global/L/logo.svg,,ATL,Hawks,Atlanta,https://cdn.nba.com/logos/nba/1610612737/global/L/logo.svg,
20260826,20261113,401909300,1,Nov 13,2026-11-14T01:00Z,Smoothie King Center,NOP,Pelicans,New Orleans,https://cdn.nba.com/logos/nba/1610612740/global/L/logo.svg,,MEM,Grizzlies,Memphis,https://cdn.nba.com/logos/nba/1610612763/global/L/logo.svg,
20260826,20261113,401909301,1,Nov 13,2026-11-14T01:30Z,Toyota Center (Houston),HOU,Rockets,Houston,https://cdn.nba.com/logos/nba/1610612745/global/L/logo.svg,,UTAH,Jazz,Utah,https://a.espncdn.com/i/teamlogos/nba/500/scoreboard/utah.png,
20260826,20261113,401909302,1,Nov 13,2026-11-14T02:30Z,Frost Bank Center,SAS,Spurs,San Antonio,https://cdn.nba.com/logos/nba/1610612759/global/L/logo.svg,,GSW,Warriors,Golden State,https://cdn.nba.com/logos/nba/1610612744/global/L/logo.svg,
20260826,20261113,401909303,1,Nov 13,2026-11-14T03:00Z,Golden 1 Center,SAC,Kings,Sacramento,https://cdn.nba.com/logos/nba/1610612758/global/L/logo.svg,,POR,Trail Blazers,Portland,https://cdn.nba.com/logos/nba/1610612757/global/L/logo.svg,
20260826,20261113,401909304,1,Nov 13,2026-11-14T03:30Z,Intuit Dome,LAC,Clippers,LA,https://cdn.nba.com/logos/nba/1610612746/global/L/logo.svg,,OKC,Thunder,Oklahoma City,https://cdn.nba.com/logos/nba/1610612760/global/L/logo.svg,
20260826,20261114,401909980,1,Nov 14,2026-11-15T00:00Z,Smoothie King Center,NOP,Pelicans,New Orleans,https://cdn.nba.com/logos/nba/1610612740/global/L/logo.svg,,DEN,Nuggets,Denver,https://cdn.nba.com/logos/nba/1610612743/global/L/logo.svg,
20260826,20261114,401909981,1,Nov 14,2026-11-15T00:30Z,Rocket Arena,CLE,Cavaliers,Cleveland,https://cdn.nba.com/logos/nba/1610612739/global/L/logo.svg,,DAL,Mavericks,Dallas,https://cdn.nba.com/logos/nba/1610612742/global/L/logo.svg,
20260826,20261114,401909982,1,Nov 14,2026-11-15T01:00Z,Kaseya Center,MIA,Heat,Miami,https://cdn.nba.com/logos/nba/1610612748/global/L/logo.svg,,DET,Pistons,Detroit,https://cdn.nba.com/logos/nba/1610612765/global/L/logo.svg,
20260826,20261114,401909983,1,Nov 14,2026-11-15T01:00Z,FedExForum,MEM,Grizzlies,Memphis,https://cdn.nba.com/logos/nba/1610612763/global/L/logo.svg,,BKN,Nets,Brooklyn,https://cdn.nba.com/logos/nba/1610612751/global/L/logo.svg,
20260826,20261114,401909984,1,Nov 14,2026-11-15T01:00Z,Target Center,MIN,Timberwolves,Minnesota,https://cdn.nba.com/logos/nba/1610612750/global/L/logo.svg,,CHI,Bulls,Chicago,https://cdn.nba.com/logos/nba/1610612741/global/L/logo.svg,
20260826,20261115,401909985,1,Nov 15,2026-11-15T18:00Z,Xfinity Mobile Arena,PHI,76ers,Philadelphia,https://cdn.nba.com/logos/nba/1610612755/global/L/logo.svg,,IND,Pacers,Indiana,https://cdn.nba.com/logos/nba/1610612754/global/L/logo.svg,
20260826,20261115,401909986,1,Nov 15,2026-11-15T21:00Z,Mortgage Matchup Center,PHX,Suns,Phoenix,https://cdn.nba.com/logos/nba/1610612756/global/L/logo.svg,,LAL,Lakers,Los Angeles,https://cdn.nba.com/logos/nba/1610612747/global/L/logo.svg,
20260826,20261115,401909987,1,Nov 15,2026-11-15T21:30Z,Intuit Dome,LAC,Clippers,LA,https://cdn.nba.com/logos/nba/1610612746/global/L/logo.svg,,CHA,Hornets,Charlotte,https://cdn.nba.com/logos/nba/1610612766/global/L/logo.svg,
20260826,20261115,401909988,1,Nov 15,2026-11-15T22:00Z,Delta Center,UTAH,Jazz,Utah,https://a.espncdn.com/i/teamlogos/nba/500/scoreboard/utah.png,,SAS,Spurs,San Antonio,https://cdn.nba.com/logos/nba/1610612759/global/L/logo.svg,
20260826,20261115,401909989,1,Nov 15,2026-11-15T23:00Z,TD Garden,BOS,Celtics,Boston,https://cdn.nba.com/logos/nba/1610612738/global/L/logo.svg,,DAL,Mavericks,Dallas,https://cdn.nba.com/logos/nba/1610612742/global/L/logo.svg,
20260826,20261115,401909990,1,Nov 15,2026-11-15T23:00Z,Scotiabank Arena,TOR,Raptors,Toronto,https://cdn.nba.com/logos/nba/1610612761/global/L/logo.svg,,NYK,Knicks,New York,https://cdn.nba.com/logos/nba/1610612752/global/L/logo.svg,
20260826,20261115,401909991,1,Nov 15,2026-11-16T00:00Z,Capital One Arena,WAS,Wizards,Washington,https://cdn.nba.com/logos/nba/1610612764/global/L/logo.svg,,HOU,Rockets,Houston,https://cdn.nba.com/logos/nba/1610612745/global/L/logo.svg,
20260826,20261115,401909992,1,Nov 15,2026-11-16T01:00Z,Fiserv Forum,MIL,Bucks,Milwaukee,https://cdn.nba.com/logos/nba/1610612749/global/L/logo.svg,,ATL,Hawks,Atlanta,https://cdn.nba.com/logos/nba/1610612737/global/L/logo.svg,
20260826,20261115,401909993,1,Nov 15,2026-11-16T02:00Z,Golden 1 Center,SAC,Kings,Sacramento,https://cdn.nba.com/logos/nba/1610612758/global/L/logo.svg,,OKC,Thunder,Oklahoma City,https://cdn.nba.com/logos/nba/1610612760/global/L/logo.svg,
20260826,20261116,401909994,1,Nov 16,2026-11-17T00:00Z,TD Garden,BOS,Celtics,Boston,https://cdn.nba.com/logos/nba/1610612738/global/L/logo.svg,,ORL,Magic,Orlando,https://cdn.nba.com/logos/nba/1610612753/global/L/logo.svg,
20260826,20261116,401909995,1,Nov 16,2026-11-17T00:00Z,Rocket Arena,CLE,Cavaliers,Cleveland,https://cdn.nba.com/logos/nba/1610612739/global/L/logo.svg,,CHI,Bulls,Chicago,https://cdn.nba.com/logos/nba/1610612741/global/L/logo.svg,
20260826,20261116,401909996,1,Nov 16,2026-11-17T00:00Z,Capital One Arena,WAS,Wizards,Washington,https://cdn.nba.com/logos/nba/1610612764/global/L/logo.svg,,MEM,Grizzlies,Memphis,https://cdn.nba.com/logos/nba/1610612763/global/L/logo.svg,
20260826,20261116,401909997,1,Nov 16,2026-11-17T00:30Z,Barclays Center,BKN,Nets,Brooklyn,https://cdn.nba.com/logos/nba/1610612751/global/L/logo.svg,,PHI,76ers,Philadelphia,https://cdn.nba.com/logos/nba/1610612755/global/L/logo.svg,
20260826,20261116,401909998,1,Nov 16,2026-11-17T00:30Z,Kaseya Center,MIA,Heat,Miami,https://cdn.nba.com/logos/nba/1610612748/global/L/logo.svg,,HOU,Rockets,Houston,https://cdn.nba.com/logos/nba/1610612745/global/L/logo.svg,
20260826,20261116,401909999,1,Nov 16,2026-11-17T01:00Z,Target Center,MIN,Timberwolves,Minnesota,https://cdn.nba.com/logos/nba/1610612750/global/L/logo.svg,,POR,Trail Blazers,Portland,https://cdn.nba.com/logos/nba/1610612757/global/L/logo.svg,
20260826,20261116,401910000,1,Nov 16,2026-11-17T01:00Z,Smoothie King Center,NOP,Pelicans,New Orleans,https://cdn.nba.com/logos/nba/1610612740/global/L/logo.svg,,GSW,Warriors,Golden State,https://cdn.nba.com/logos/nba/1610612744/global/L/logo.svg,
20260826,20261116,401910001,1,Nov 16,2026-11-17T02:00Z,Ball Arena,DEN,Nuggets,Denver,https://cdn.nba.com/logos/nba/1610612743/global/L/logo.svg,,PHX,Suns,Phoenix,https://cdn.nba.com/logos/nba/1610612756/global/L/logo.svg,
20260826,20261117,401910002,1,Nov 17,2026-11-18T00:30Z,Scotiabank Arena,TOR,Raptors,Toronto,https://cdn.nba.com/logos/nba/1610612761/global/L/logo.svg,,NYK,Knicks,New York,https://cdn.nba.com/logos/nba/1610612752/global/L/logo.svg,
20260826,20261117,401910003,1,Nov 17,2026-11-18T01:00Z,Target Center,MIN,Timberwolves,Minnesota,https://cdn.nba.com/logos/nba/1610612750/global/L/logo.svg,,POR,Trail Blazers,Portland,https://cdn.nba.com/logos/nba/1610612757/global/L/logo.svg,
20260826,20261117,401910004,1,Nov 17,2026-11-18T01:00Z,Frost Bank Center,SAS,Spurs,San Antonio,https://cdn.nba.com/logos/nba/1610612759/global/L/logo.svg,,DET,Pistons,Detroit,https://cdn.nba.com/logos/nba/1610612765/global/L/logo.svg,
20260826,20261117,401910005,1,Nov 17,2026-11-18T03:00Z,crypto.com Arena,LAL,Lakers,Los Angeles,https://cdn.nba.com/logos/nba/1610612747/global/L/logo.svg,,CHA,Hornets,Charlotte,https://cdn.nba.com/logos/nba/1610612766/global/L/logo.svg,
20260826,20261117,401910006,1,Nov 17,2026-11-18T04:00Z,Intuit Dome,LAC,Clippers,LA,https://cdn.nba.com/logos/nba/1610612746/global/L/logo.svg,,UTAH,Jazz,Utah,https://a.espncdn.com/i/teamlogos/nba/500/scoreboard/utah.png,
20260826,20261118,401910007,1,Nov 18,2026-11-19T00:00Z,Rocket Arena,CLE,Cavaliers,Cleveland,https://cdn.nba.com/logos/nba/1610612739/global/L/logo.svg,,MEM,Grizzlies,Memphis,https://cdn.nba.com/logos/nba/1610612763/global/L/logo.svg,
20260826,20261118,401910008,1,Nov 18,2026-11-19T00:00Z,Gainbridge Fieldhouse,IND,Pacers,Indiana,https://cdn.nba.com/logos/nba/1610612754/global/L/logo.svg,,HOU,Rockets,Houston,https://cdn.nba.com/logos/nba/1610612745/global/L/logo.svg,
20260826,20261118,401910009,1,Nov 18,2026-11-19T00:00Z,Kaseya Center,MIA,Heat,Miami,https://cdn.nba.com/logos/nba/1610612748/global/L/logo.svg,,MIL,Bucks,Milwaukee,https://cdn.nba.com/logos/nba/1610612749/global/L/logo.svg,
20260826,20261118,401910010,1,Nov 18,2026-11-19T00:00Z,Kia Center,ORL,Magic,Orlando,https://cdn.nba.com/logos/nba/1610612753/global/L/logo.svg,,PHI,76ers,Philadelphia,https://cdn.nba.com/logos/nba/1610612755/global/L/logo.svg,
20260826,20261118,401910011,1,Nov 18,2026-11-19T00:30Z,Barclays Center,BKN,Nets,Brooklyn,https://cdn.nba.com/logos/nba/1610612751/global/L/logo.svg,,CHI,Bulls,Chicago,https://cdn.nba.com/logos/nba/1610612741/global/L/logo.svg,
20260826,20261118,401910012,1,Nov 18,2026-11-19T00:30Z,Scotiabank Arena,TOR,Raptors,Toronto,https://cdn.nba.com/logos/nba/1610612761/global/L/logo.svg,,WAS,Wizards,Washington,https://cdn.nba.com/logos/nba/1610612764/global/L/logo.svg,
20260826,20261118,401910013,1,Nov 18,2026-11-19T01:00Z,Smoothie King Center,NOP,Pelicans,New Orleans,https://cdn.nba.com/logos/nba/1610612740/global/L/logo.svg,,DET,Pistons,Detroit,https://cdn.nba.com/logos/nba/1610612765/global/L/logo.svg,
20260826,20261118,401910014,1,Nov 18,2026-11-19T01:00Z,Paycom Center,OKC,Thunder,Oklahoma City,https://cdn.nba.com/logos/nba/1610612760/global/L/logo.svg,,ATL,Hawks,Atlanta,https://cdn.nba.com/logos/nba/1610612737/global/L/logo.svg,
20260826,20261118,401910015,1,Nov 18,2026-11-19T02:00Z,Ball Arena,DEN,Nuggets,Denver,https://cdn.nba.com/logos/nba/1610612743/global/L/logo.svg,,BOS,Celtics,Boston,https://cdn.nba.com/logos/nba/1610612738/global/L/logo.svg,
20260826,20261118,401910016,1,Nov 18,2026-11-19T02:30Z,American Airlines Center,DAL,Mavericks,Dallas,https://cdn.nba.com/logos/nba/1610612742/global/L/logo.svg,,GSW,Warriors,Golden State,https://cdn.nba.com/logos/nba/1610612744/global/L/logo.svg,
20260826,20261118,401910017,1,Nov 18,2026-11-19T03:00Z,crypto.com Arena,LAL,Lakers,Los Angeles,https://cdn.nba.com/logos/nba/1610612747/global/L/logo.svg,,UTAH,Jazz,Utah,https://a.espncdn.com/i/teamlogos/nba/500/scoreboard/utah.png,
20260826,20261118,401910018,1,Nov 18,2026-11-19T03:00Z,Golden 1 Center,SAC,Kings,Sacramento,https://cdn.nba.com/logos/nba/1610612758/global/L/logo.svg,,PHX,Suns,Phoenix,https://cdn.nba.com/logos/nba/1610612756/global/L/logo.svg,
20260826,20261119,401910019,1,Nov 19,2026-11-20T01:00Z,FedExForum,MEM,Grizzlies,Memphis,https://cdn.nba.com/logos/nba/1610612763/global/L/logo.svg,,GSW,Warriors,Golden State,https://cdn.nba.com/logos/nba/1610612744/global/L/logo.svg,
20260826,20261119,401910020,1,Nov 19,2026-11-20T01:00Z,Fiserv Forum,MIL,Bucks,Milwaukee,https://cdn.nba.com/logos/nba/1610612749/global/L/logo.svg,,POR,Trail Blazers,Portland,https://cdn.nba.com/logos/nba/1610612757/global/L/logo.svg,
20260826,20261119,401910021,1,Nov 19,2026-11-20T01:00Z,Target Center,MIN,Timberwolves,Minnesota,https://cdn.nba.com/logos/nba/1610612750/global/L/logo.svg,,NYK,Knicks,New York,https://cdn.nba.com/logos/nba/1610612752/global/L/logo.svg,
20260826,20261119,401910022,1,Nov 19,2026-11-20T01:00Z,Frost Bank Center,SAS,Spurs,San Antonio,https://cdn.nba.com/logos/nba/1610612759/global/L/logo.svg,,LAC,Clippers,LA,https://cdn.nba.com/logos/nba/1610612746/global/L/logo.svg,
20260826,20261120,401909305,1,Nov 20,2026-11-21T00:00Z,State Farm Arena,ATL,Hawks,Atlanta,https://cdn.nba.com/logos/nba/1610612737/global/L/logo.svg,,CHA,Hornets,Charlotte,https://cdn.nba.com/logos/nba/1610612766/global/L/logo.svg,
20260826,20261120,401909306,1,Nov 20,2026-11-21T00:30Z,Barclays Center,BKN,Nets,Brooklyn,https://cdn.nba.com/logos/nba/1610612751/global/L/logo.svg,,ORL,Magic,Orlando,https://cdn.nba.com/logos/nba/1610612753/global/L/logo.svg,
20260826,20261120,401909307,1,Nov 20,2026-11-21T00:30Z,Rocket Arena,CLE,Cavaliers,Cleveland,https://cdn.nba.com/logos/nba/1610612739/global/L/logo.svg,,IND,Pacers,Indiana,https://cdn.nba.com/logos/nba/1610612754/global/L/logo.svg,
20260826,20261120,401909308,1,Nov 20,2026-11-21T00:30Z,Little Caesars Arena,DET,Pistons,Detroit,https://cdn.nba.com/logos/nba/1610612765/global/L/logo.svg,,TOR,Raptors,Toronto,https://cdn.nba.com/logos/nba/1610612761/global/L/logo.svg,
20260826,20261120,401909309,1,Nov 20,2026-11-21T01:00Z,United Center,CHI,Bulls,Chicago,https://cdn.nba.com/logos/nba/1610612741/global/L/logo.svg,,WAS,Wizards,Washington,https://cdn.nba.com/logos/nba/1610612764/global/L/logo.svg,
20260826,20261120,401909310,1,Nov 20,2026-11-21T01:00Z,Paycom Center,OKC,Thunder,Oklahoma City,https://cdn.nba.com/logos/nba/1610612760/global/L/logo.svg,,NOP,Pelicans,New Orleans,https://cdn.nba.com/logos/nba/1610612740/global/L/logo.svg,
20260826,20261120,401909311,1,Nov 20,2026-11-21T02:30Z,Delta Center,UTAH,Jazz,Utah,https://a.espncdn.com/i/teamlogos/nba/500/scoreboard/utah.png,,PHX,Suns,Phoenix,https://cdn.nba.com/logos/nba/1610612756/global/L/logo.svg,
20260826,20261120,401909312,1,Nov 20,2026-11-21T03:00Z,Ball Arena,DEN,Nuggets,Denver,https://cdn.nba.com/logos/nba/1610612743/global/L/logo.svg,,HOU,Rockets,Houston,https://cdn.nba.com/logos/nba/1610612745/global/L/logo.svg,
20260826,20261120,401909313,1,Nov 20,2026-11-21T03:00Z,crypto.com Arena,LAL,Lakers,Los Angeles,https://cdn.nba.com/logos/nba/1610612747/global/L/logo.svg,,SAC,Kings,Sacramento,https://cdn.nba.com/logos/nba/1610612758/global/L/logo.svg,
20260826,20261121,401910023,1,Nov 21,2026-11-21T18:00Z,Xfinity Mobile Arena,PHI,76ers,Philadelphia,https://cdn.nba.com/logos/nba/1610612755/global/L/logo.svg,,MIL,Bucks,Milwaukee,https://cdn.nba.com/logos/nba/1610612749/global/L/logo.svg,
20260826,20261121,401910024,1,Nov 21,2026-11-22T00:30Z,Madison Square Garden,NYK,Knicks,New York,https://cdn.nba.com/logos/nba/1610612752/global/L/logo.svg,,POR,Trail Blazers,Portland,https://cdn.nba.com/logos/nba/1610612757/global/L/logo.svg,
20260826,20261121,401910025,1,Nov 21,2026-11-22T01:00Z,American Airlines Center,DAL,Mavericks,Dallas,https://cdn.nba.com/logos/nba/1610612742/global/L/logo.svg,,LAC,Clippers,LA,https://cdn.nba.com/logos/nba/1610612746/global/L/logo.svg,
20260826,20261121,401910026,1,Nov 21,2026-11-22T01:00Z,Target Center,MIN,Timberwolves,Minnesota,https://cdn.nba.com/logos/nba/1610612750/global/L/logo.svg,,MEM,Grizzlies,Memphis,https://cdn.nba.com/logos/nba/1610612763/global/L/logo.svg,
20260826,20261121,401910027,1,Nov 21,2026-11-22T01:00Z,Frost Bank Center,SAS,Spurs,San Antonio,https://cdn.nba.com/logos/nba/1610612759/global/L/logo.svg,,NOP,Pelicans,New Orleans,https://cdn.nba.com/logos/nba/1610612740/global/L/logo.svg,
20260826,20261121,401910028,1,Nov 21,2026-11-22T03:00Z,Golden 1 Center,SAC,Kings,Sacramento,https://cdn.nba.com/logos/nba/1610612758/global/L/logo.svg,,BOS,Celtics,Boston,https://cdn.nba.com/logos/nba/1610612738/global/L/logo.svg,
20260826,20261122,401910029,1,Nov 22,2026-11-22T20:30Z,State Farm Arena,ATL,Hawks,Atlanta,https://cdn.nba.com/logos/nba/1610612737/global/L/logo.svg,,DET,Pistons,Detroit,https://cdn.nba.com/logos/nba/1610612765/global/L/logo.svg,
20260826,20261122,401910030,1,Nov 22,2026-11-22T23:00Z,Kaseya Center,MIA,Heat,Miami,https://cdn.nba.com/logos/nba/1610612748/global/L/logo.svg,,OKC,Thunder,Oklahoma City,https://cdn.nba.com/logos/nba/1610612760/global/L/logo.svg,
20260826,20261122,401910031,1,Nov 22,2026-11-23T00:00Z,Capital One Arena,WAS,Wizards,Washington,https://cdn.nba.com/logos/nba/1610612764/global/L/logo.svg,,ORL,Magic,Orlando,https://cdn.nba.com/logos/nba/1610612753/global/L/logo.svg,
20260826,20261122,401910032,1,Nov 22,2026-11-23T00:00Z,United Center,CHI,Bulls,Chicago,https://cdn.nba.com/logos/nba/1610612741/global/L/logo.svg,,DEN,Nuggets,Denver,https://cdn.nba.com/logos/nba/1610612743/global/L/logo.svg,
20260826,20261122,401910033,1,Nov 22,2026-11-23T00:00Z,Delta Center,UTAH,Jazz,Utah,https://a.espncdn.com/i/teamlogos/nba/500/scoreboard/utah.png,,DAL,Mavericks,Dallas,https://cdn.nba.com/logos/nba/1610612742/global/L/logo.svg,
20260826,20261122,401910034,1,Nov 22,2026-11-23T01:00Z,Madison Square Garden,NYK,Knicks,New York,https://cdn.nba.com/logos/nba/1610612752/global/L/logo.svg,,IND,Pacers,Indiana,https://cdn.nba.com/logos/nba/1610612754/global/L/logo.svg,
20260826,20261122,401910035,1,Nov 22,2026-11-23T01:30Z,Chase Center,GSW,Warriors,Golden State,https://cdn.nba.com/logos/nba/1610612744/global/L/logo.svg,,BOS,Celtics,Boston,https://cdn.nba.com/logos/nba/1610612738/global/L/logo.svg,
20260826,20261123,401910036,1,Nov 23,2026-11-24T00:00Z,Spectrum Center,CHA,Hornets,Charlotte,https://cdn.nba.com/logos/nba/1610612766/global/L/logo.svg,,MEM,Grizzlies,Memphis,https://cdn.nba.com/logos/nba/1610612763/global/L/logo.svg,
20260826,20261123,401910037,1,Nov 23,2026-11-24T00:00Z,Xfinity Mobile Arena,PHI,76ers,Philadelphia,https://cdn.nba.com/logos/nba/1610612755/global/L/logo.svg,,POR,Trail Blazers,Portland,https://cdn.nba.com/logos/nba/1610612757/global/L/logo.svg,
20260826,20261123,401910038,1,Nov 23,2026-11-24T00:30Z,Gainbridge Fieldhouse,IND,Pacers,Indiana,https://cdn.nba.com/logos/nba/1610612754/global/L/logo.svg,,OKC,Thunder,Oklahoma City,https://cdn.nba.com/logos/nba/1610612760/global/L/logo.svg,
20260826,20261123,401910039,1,Nov 23,2026-11-24T00:30Z,Scotiabank Arena,TOR,Raptors,Toronto,https://cdn.nba.com/logos/nba/1610612761/global/L/logo.svg,,MIL,Bucks,Milwaukee,https://cdn.nba.com/logos/nba/1610612749/global/L/logo.svg,
20260826,20261123,401910040,1,Nov 23,2026-11-24T00:30Z,Target Center,MIN,Timberwolves,Minnesota,https://cdn.nba.com/logos/nba/1610612750/global/L/logo.svg,,BKN,Nets,Brooklyn,https://cdn.nba.com/logos/nba/1610612751/global/L/logo.svg,
20260826,20261123,401910041,1,Nov 23,2026-11-24T01:00Z,United Center,CHI,Bulls,Chicago,https://cdn.nba.com/logos/nba/1610612741/global/L/logo.svg,,CLE,Cavaliers,Cleveland,https://cdn.nba.com/logos/nba/1610612739/global/L/logo.svg,
20260826,20261123,401910042,1,Nov 23,2026-11-24T01:00Z,Smoothie King Center,NOP,Pelicans,New Orleans,https://cdn.nba.com/logos/nba/1610612740/global/L/logo.svg,,PHX,Suns,Phoenix,https://cdn.nba.com/logos/nba/1610612756/global/L/logo.svg,
20260826,20261123,401910043,1,Nov 23,2026-11-24T01:30Z,Toyota Center (Houston),HOU,Rockets,Houston,https://cdn.nba.com/logos/nba/1610612745/global/L/logo.svg,,LAC,Clippers,LA,https://cdn.nba.com/logos/nba/1610612746/global/L/logo.svg,
20260826,20261123,401910044,1,Nov 23,2026-11-24T03:00Z,crypto.com Arena,LAL,Lakers,Los Angeles,https://cdn.nba.com/logos/nba/1610612747/global/L/logo.svg,,UTAH,Jazz,Utah,https://a.espncdn.com/i/teamlogos/nba/500/scoreboard/utah.png,
20260826,20261123,401910045,1,Nov 23,2026-11-24T03:00Z,Golden 1 Center,SAC,Kings,Sacramento,https://cdn.nba.com/logos/nba/1610612758/global/L/logo.svg,,SAS,Spurs,San Antonio,https://cdn.nba.com/logos/nba/1610612759/global/L/logo.svg,
20260826,20261124,401909314,1,Nov 24,2026-11-25T00:00Z,Kia Center,ORL,Magic,Orlando,https://cdn.nba.com/logos/nba/1610612753/global/L/logo.svg,,DET,Pistons,Detroit,https://cdn.nba.com/logos/nba/1610612765/global/L/logo.svg,
20260826,20261124,401909315,1,Nov 24,2026-11-25T01:00Z,Capital One Arena,WAS,Wizards,Washington,https://cdn.nba.com/logos/nba/1610612764/global/L/logo.svg,,BOS,Celtics,Boston,https://cdn.nba.com/logos/nba/1610612738/global/L/logo.svg,
20260826,20261124,401909316,1,Nov 24,2026-11-25T03:00Z,Ball Arena,DEN,Nuggets,Denver,https://cdn.nba.com/logos/nba/1610612743/global/L/logo.svg,,DAL,Mavericks,Dallas,https://cdn.nba.com/logos/nba/1610612742/global/L/logo.svg,
20260826,20261125,401909317,1,Nov 25,2026-11-25T22:00Z,Xfinity Mobile Arena,PHI,76ers,Philadelphia,https://cdn.nba.com/logos/nba/1610612755/global/L/logo.svg,,MIA,Heat,Miami,https://cdn.nba.com/logos/nba/1610612748/global/L/logo.svg,
20260826,20261125,401909318,1,Nov 25,2026-11-26T00:00Z,Spectrum Center,CHA,Hornets,Charlotte,https://cdn.nba.com/logos/nba/1610612766/global/L/logo.svg,,CHI,Bulls,Chicago,https://cdn.nba.com/logos/nba/1610612741/global/L/logo.svg,
20260826,20261125,401909319,1,Nov 25,2026-11-26T00:30Z,Madison Square Garden,NYK,Knicks,New York,https://cdn.nba.com/logos/nba/1610612752/global/L/logo.svg,,CLE,Cavaliers,Cleveland,https://cdn.nba.com/logos/nba/1610612739/global/L/logo.svg,
20260826,20261125,401909320,1,Nov 25,2026-11-26T00:30Z,Paycom Center,OKC,Thunder,Oklahoma City,https://cdn.nba.com/logos/nba/1610612760/global/L/logo.svg,,MIN,Timberwolves,Minnesota,https://cdn.nba.com/logos/nba/1610612750/global/L/logo.svg,
20260826,20261125,401909321,1,Nov 25,2026-11-26T01:00Z,FedExForum,MEM,Grizzlies,Memphis,https://cdn.nba.com/logos/nba/1610612763/global/L/logo.svg,,LAC,Clippers,LA,https://cdn.nba.com/logos/nba/1610612746/global/L/logo.svg,
20260826,20261125,401909322,1,Nov 25,2026-11-26T01:00Z,Fiserv Forum,MIL,Bucks,Milwaukee,https://cdn.nba.com/logos/nba/1610612749/global/L/logo.svg,,BKN,Nets,Brooklyn,https://cdn.nba.com/logos/nba/1610612751/global/L/logo.svg,
20260826,20261125,401909323,1,Nov 25,2026-11-26T01:30Z,Toyota Center (Houston),HOU,Rockets,Houston,https://cdn.nba.com/logos/nba/1610612745/global/L/logo.svg,,PHX,Suns,Phoenix,https://cdn.nba.com/logos/nba/1610612756/global/L/logo.svg,
20260826,20261125,401909324,1,Nov 25,2026-11-26T03:00Z,Chase Center,GSW,Warriors,Golden State,https://cdn.nba.com/logos/nba/1610612744/global/L/logo.svg,,SAC,Kings,Sacramento,https://cdn.nba.com/logos/nba/1610612758/global/L/logo.svg,
20260826,20261125,401909325,1,Nov 25,2026-11-26T03:00Z,Moda Center,POR,Trail Blazers,Portland,https://cdn.nba.com/logos/nba/1610612757/global/L/logo.svg,,SAS,Spurs,San Antonio,https://cdn.nba.com/logos/nba/1610612759/global/L/logo.svg,
20260826,20261127,401909326,1,Nov 27,2026-11-28T00:00Z,Madison Square Garden,NYK,Knicks,New York,https://cdn.nba.com/logos/nba/1610612752/global/L/logo.svg,,MIA,Heat,Miami,https://cdn.nba.com/logos/nba/1610612748/global/L/logo.svg,
20260826,20261127,401909327,1,Nov 27,2026-11-28T00:30Z,Little Caesars Arena,DET,Pistons,Detroit,https://cdn.nba.com/logos/nba/1610612765/global/L/logo.svg,,MIL,Bucks,Milwaukee,https://cdn.nba.com/logos/nba/1610612749/global/L/logo.svg,
20260826,20261127,401909328,1,Nov 27,2026-11-28T00:30Z,Gainbridge Fieldhouse,IND,Pacers,Indiana,https://cdn.nba.com/logos/nba/1610612754/global/L/logo.svg,,PHI,76ers,Philadelphia,https://cdn.nba.com/logos/nba/1610612755/global/L/logo.svg,
20260826,20261127,401909329,1,Nov 27,2026-11-28T00:30Z,Scotiabank Arena,TOR,Raptors,Toronto,https://cdn.nba.com/logos/nba/1610612761/global/L/logo.svg,,BKN,Nets,Brooklyn,https://cdn.nba.com/logos/nba/1610612751/global/L/logo.svg,
20260826,20261127,401909330,1,Nov 27,2026-11-28T01:00Z,TD Garden,BOS,Celtics,Boston,https://cdn.nba.com/logos/nba/1610612738/global/L/logo.svg,,ATL,Hawks,Atlanta,https://cdn.nba.com/logos/nba/1610612737/global/L/logo.svg,
20260826,20261127,401909331,1,Nov 27,2026-11-28T01:30Z,Target Center,MIN,Timberwolves,Minnesota,https://cdn.nba.com/logos/nba/1610612750/global/L/logo.svg,,MEM,Grizzlies,Memphis,https://cdn.nba.com/logos/nba/1610612763/global/L/logo.svg,
20260826,20261127,401909332,1,Nov 27,2026-11-28T02:00Z,Mortgage Matchup Center,PHX,Suns,Phoenix,https://cdn.nba.com/logos/nba/1610612756/global/L/logo.svg,,DAL,Mavericks,Dallas,https://cdn.nba.com/logos/nba/1610612742/global/L/logo.svg,
20260826,20261127,401909333,1,Nov 27,2026-11-28T02:30Z,Frost Bank Center,SAS,Spurs,San Antonio,https://cdn.nba.com/logos/nba/1610612759/global/L/logo.svg,,LAL,Lakers,Los Angeles,https://cdn.nba.com/logos/nba/1610612747/global/L/logo.svg,
20260826,20261127,401909334,1,Nov 27,2026-11-28T02:30Z,Delta Center,UTAH,Jazz,Utah,https://a.espncdn.com/i/teamlogos/nba/500/scoreboard/utah.png,,DEN,Nuggets,Denver,https://cdn.nba.com/logos/nba/1610612743/global/L/logo.svg,
20260826,20261127,401909335,1,Nov 27,2026-11-28T02:30Z,Intuit Dome,LAC,Clippers,LA,https://cdn.nba.com/logos/nba/1610612746/global/L/logo.svg,,NOP,Pelicans,New Orleans,https://cdn.nba.com/logos/nba/1610612740/global/L/logo.svg,
20260826,20261127,401909336,1,Nov 27,2026-11-28T02:30Z,Moda Center,POR,Trail Blazers,Portland,https://cdn.nba.com/logos/nba/1610612757/global/L/logo.svg,,GSW,Warriors,Golden State,https://cdn.nba.com/logos/nba/1610612744/global/L/logo.svg,
20260826,20261128,401910046,1,Nov 28,2026-11-28T22:00Z,Capital One Arena,WAS,Wizards,Washington,https://cdn.nba.com/logos/nba/1610612764/global/L/logo.svg,,ORL,Magic,Orlando,https://cdn.nba.com/logos/nba/1610612753/global/L/logo.svg,
20260826,20261128,401910047,1,Nov 28,2026-11-28T23:00Z,Spectrum Center,CHA,Hornets,Charlotte,https://cdn.nba.com/logos/nba/1610612766/global/L/logo.svg,,BKN,Nets,Brooklyn,https://cdn.nba.com/logos/nba/1610612751/global/L/logo.svg,
20260826,20261128,401910048,1,Nov 28,2026-11-29T01:00Z,United Center,CHI,Bulls,Chicago,https://cdn.nba.com/logos/nba/1610612741/global/L/logo.svg,,IND,Pacers,Indiana,https://cdn.nba.com/logos/nba/1610612754/global/L/logo.svg,
20260826,20261128,401910049,1,Nov 28,2026-11-29T01:00Z,Fiserv Forum,MIL,Bucks,Milwaukee,https://cdn.nba.com/logos/nba/1610612749/global/L/logo.svg,,OKC,Thunder,Oklahoma City,https://cdn.nba.com/logos/nba/1610612760/global/L/logo.svg,
20260826,20261128,401910050,1,Nov 28,2026-11-29T01:30Z,Toyota Center (Houston),HOU,Rockets,Houston,https://cdn.nba.com/logos/nba/1610612745/global/L/logo.svg,,PHI,76ers,Philadelphia,https://cdn.nba.com/logos/nba/1610612755/global/L/logo.svg,
20260826,20261129,401910051,1,Nov 29,2026-11-29T21:00Z,FedExForum,MEM,Grizzlies,Memphis,https://cdn.nba.com/logos/nba/1610612763/global/L/logo.svg,,LAL,Lakers,Los Angeles,https://cdn.nba.com/logos/nba/1610612747/global/L/logo.svg,
20260826,20261129,401910052,1,Nov 29,2026-11-29T21:00Z,Frost Bank Center,SAS,Spurs,San Antonio,https://cdn.nba.com/logos/nba/1610612759/global/L/logo.svg,,BOS,Celtics,Boston,https://cdn.nba.com/logos/nba/1610612738/global/L/logo.svg,
20260826,20261129,401910053,1,Nov 29,2026-11-29T22:00Z,Delta Center,UTAH,Jazz,Utah,https://a.espncdn.com/i/teamlogos/nba/500/scoreboard/utah.png,,PHX,Suns,Phoenix,https://cdn.nba.com/logos/nba/1610612756/global/L/logo.svg,
20260826,20261129,401910054,1,Nov 29,2026-11-29T23:00Z,Rocket Arena,CLE,Cavaliers,Cleveland,https://cdn.nba.com/logos/nba/1610612739/global/L/logo.svg,,MIA,Heat,Miami,https://cdn.nba.com/logos/nba/1610612748/global/L/logo.svg,
20260826,20261129,401910055,1,Nov 29,2026-11-29T23:00Z,Little Caesars Arena,DET,Pistons,Detroit,https://cdn.nba.com/logos/nba/1610612765/global/L/logo.svg,,ORL,Magic,Orlando,https://cdn.nba.com/logos/nba/1610612753/global/L/logo.svg,
20260826,20261129,401910056,1,Nov 29,2026-11-29T23:00Z,Madison Square Garden,NYK,Knicks,New York,https://cdn.nba.com/logos/nba/1610612752/global/L/logo.svg,,ATL,Hawks,Atlanta,https://cdn.nba.com/logos/nba/1610612737/global/L/logo.svg,
20260826,20261129,401910057,1,Nov 29,2026-11-29T23:00Z,Scotiabank Arena,TOR,Raptors,Toronto,https://cdn.nba.com/logos/nba/1610612761/global/L/logo.svg,,DEN,Nuggets,Denver,https://cdn.nba.com/logos/nba/1610612743/global/L/logo.svg,
20260826,20261129,401910058,1,Nov 29,2026-11-29T23:00Z,Moda Center,POR,Trail Blazers,Portland,https://cdn.nba.com/logos/nba/1610612757/global/L/logo.svg,,NOP,Pelicans,New Orleans,https://cdn.nba.com/logos/nba/1610612740/global/L/logo.svg,
20260826,20261129,401910059,1,Nov 29,2026-11-30T01:30Z,Chase Center,GSW,Warriors,Golden State,https://cdn.nba.com/logos/nba/1610612744/global/L/logo.svg,,LAC,Clippers,LA,https://cdn.nba.com/logos/nba/1610612746/global/L/logo.svg,
20260826,20261129,401910060,1,Nov 29,2026-11-30T02:00Z,Golden 1 Center,SAC,Kings,Sacramento,https://cdn.nba.com/logos/nba/1610612758/global/L/logo.svg,,MIN,Timberwolves,Minnesota,https://cdn.nba.com/logos/nba/1610612750/global/L/logo.svg,
20260826,20261130,401910061,1,Nov 30,2026-12-01T00:00Z,Spectrum Center,CHA,Hornets,Charlotte,https://cdn.nba.com/logos/nba/1610612766/global/L/logo.svg,,WAS,Wizards,Washington,https://cdn.nba.com/logos/nba/1610612764/global/L/logo.svg,
20260826,20261130,401910062,1,Nov 30,2026-12-01T00:00Z,Little Caesars Arena,DET,Pistons,Detroit,https://cdn.nba.com/logos/nba/1610612765/global/L/logo.svg,,DEN,Nuggets,Denver,https://cdn.nba.com/logos/nba/1610612743/global/L/logo.svg,
20260826,20261130,401910063,1,Nov 30,2026-12-01T00:30Z,Barclays Center,BKN,Nets,Brooklyn,https://cdn.nba.com/logos/nba/1610612751/global/L/logo.svg,,OKC,Thunder,Oklahoma City,https://cdn.nba.com/logos/nba/1610612760/global/L/logo.svg,
20260826,20261130,401910064,1,Nov 30,2026-12-01T00:30Z,Toyota Center (Houston),HOU,Rockets,Houston,https://cdn.nba.com/logos/nba/1610612745/global/L/logo.svg,,LAL,Lakers,Los Angeles,https://cdn.nba.com/logos/nba/1610612747/global/L/logo.svg,
20260826,20261130,401910065,1,Nov 30,2026-12-01T01:00Z,American Airlines Center,DAL,Mavericks,Dallas,https://cdn.nba.com/logos/nba/1610612742/global/L/logo.svg,,BOS,Celtics,Boston,https://cdn.nba.com/logos/nba/1610612738/global/L/logo.svg,
20260826,20261130,401910066,1,Nov 30,2026-12-01T01:00Z,Fiserv Forum,MIL,Bucks,Milwaukee,https://cdn.nba.com/logos/nba/1610612749/global/L/logo.svg,,SAS,Spurs,San Antonio,https://cdn.nba.com/logos/nba/1610612759/global/L/logo.svg,
20260826,20261130,401910067,1,Nov 30,2026-12-01T03:00Z,Golden 1 Center,SAC,Kings,Sacramento,https://cdn.nba.com/logos/nba/1610612758/global/L/logo.svg,,NOP,Pelicans,New Orleans,https://cdn.nba.com/logos/nba/1610612740/global/L/logo.svg,
20260826,20261201,401910068,1,Dec 01,2026-12-02T00:00Z,Rocket Arena,CLE,Cavaliers,Cleveland,https://cdn.nba.com/logos/nba/1610612739/global/L/logo.svg,,IND,Pacers,Indiana,https://cdn.nba.com/logos/nba/1610612754/global/L/logo.svg,
20260826,20261201,401910069,1,Dec 01,2026-12-02T00:00Z,Xfinity Mobile Arena,PHI,76ers,Philadelphia,https://cdn.nba.com/logos/nba/1610612755/global/L/logo.svg,,MEM,Grizzlies,Memphis,https://cdn.nba.com/logos/nba/1610612763/global/L/logo.svg,
20260826,20261201,401910070,1,Dec 01,2026-12-02T00:30Z,Kaseya Center,MIA,Heat,Miami,https://cdn.nba.com/logos/nba/1610612748/global/L/logo.svg,,ATL,Hawks,Atlanta,https://cdn.nba.com/logos/nba/1610612737/global/L/logo.svg,
20260826,20261201,401910071,1,Dec 01,2026-12-02T01:00Z,United Center,CHI,Bulls,Chicago,https://cdn.nba.com/logos/nba/1610612741/global/L/logo.svg,,NYK,Knicks,New York,https://cdn.nba.com/logos/nba/1610612752/global/L/logo.svg,
20260826,20261201,401910072,1,Dec 01,2026-12-02T01:30Z,Toyota Center (Houston),HOU,Rockets,Houston,https://cdn.nba.com/logos/nba/1610612745/global/L/logo.svg,,TOR,Raptors,Toronto,https://cdn.nba.com/logos/nba/1610612761/global/L/logo.svg,
20260826,20261201,401910073,1,Dec 01,2026-12-02T02:00Z,Mortgage Matchup Center,PHX,Suns,Phoenix,https://cdn.nba.com/logos/nba/1610612756/global/L/logo.svg,,LAC,Clippers,LA,https://cdn.nba.com/logos/nba/1610612746/global/L/logo.svg,
20260826,20261201,401910074,1,Dec 01,2026-12-02T03:00Z,Moda Center,POR,Trail Blazers,Portland,https://cdn.nba.com/logos/nba/1610612757/global/L/logo.svg,,MIN,Timberwolves,Minnesota,https://cdn.nba.com/logos/nba/1610612750/global/L/logo.svg,
20260826,20261201,401910075,1,Dec 01,2026-12-02T04:00Z,Chase Center,GSW,Warriors,Golden State,https://cdn.nba.com/logos/nba/1610612744/global/L/logo.svg,,UTAH,Jazz,Utah,https://a.espncdn.com/i/teamlogos/nba/500/scoreboard/utah.png,
20260826,20261202,401910076,1,Dec 02,2026-12-03T00:00Z,Little Caesars Arena,DET,Pistons,Detroit,https://cdn.nba.com/logos/nba/1610612765/global/L/logo.svg,,MEM,Grizzlies,Memphis,https://cdn.nba.com/logos/nba/1610612763/global/L/logo.svg,
20260826,20261202,401910077,1,Dec 02,2026-12-03T00:00Z,Xfinity Mobile Arena,PHI,76ers,Philadelphia,https://cdn.nba.com/logos/nba/1610612755/global/L/logo.svg,,DEN,Nuggets,Denver,https://cdn.nba.com/logos/nba/1610612743/global/L/logo.svg,
20260826,20261202,401910078,1,Dec 02,2026-12-03T00:30Z,TD Garden,BOS,Celtics,Boston,https://cdn.nba.com/logos/nba/1610612738/global/L/logo.svg,,CHA,Hornets,Charlotte,https://cdn.nba.com/logos/nba/1610612766/global/L/logo.svg,
20260826,20261202,401910079,1,Dec 02,2026-12-03T01:00Z,American Airlines Center,DAL,Mavericks,Dallas,https://cdn.nba.com/logos/nba/1610612742/global/L/logo.svg,,ORL,Magic,Orlando,https://cdn.nba.com/logos/nba/1610612753/global/L/logo.svg,
20260826,20261202,401910080,1,Dec 02,2026-12-03T01:00Z,Fiserv Forum,MIL,Bucks,Milwaukee,https://cdn.nba.com/logos/nba/1610612749/global/L/logo.svg,,NYK,Knicks,New York,https://cdn.nba.com/logos/nba/1610612752/global/L/logo.svg,
20260826,20261202,401910081,1,Dec 02,2026-12-03T01:00Z,Smoothie King Center,NOP,Pelicans,New Orleans,https://cdn.nba.com/logos/nba/1610612740/global/L/logo.svg,,LAL,Lakers,Los Angeles,https://cdn.nba.com/logos/nba/1610612747/global/L/logo.svg,
20260826,20261202,401910082,1,Dec 02,2026-12-03T01:00Z,Paycom Center,OKC,Thunder,Oklahoma City,https://cdn.nba.com/logos/nba/1610612760/global/L/logo.svg,,BKN,Nets,Brooklyn,https://cdn.nba.com/logos/nba/1610612751/global/L/logo.svg,
20260826,20261202,401910083,1,Dec 02,2026-12-03T02:00Z,Mortgage Matchup Center,PHX,Suns,Phoenix,https://cdn.nba.com/logos/nba/1610612756/global/L/logo.svg,,SAC,Kings,Sacramento,https://cdn.nba.com/logos/nba/1610612758/global/L/logo.svg,
20260826,20261202,401910084,1,Dec 02,2026-12-03T03:30Z,Intuit Dome,LAC,Clippers,LA,https://cdn.nba.com/logos/nba/1610612746/global/L/logo.svg,,MIN,Timberwolves,Minnesota,https://cdn.nba.com/logos/nba/1610612750/global/L/logo.svg,
20260826,20261203,401910085,1,Dec 03,2026-12-04T00:00Z,State Farm Arena,ATL,Hawks,Atlanta,https://cdn.nba.com/logos/nba/1610612737/global/L/logo.svg,,IND,Pacers,Indiana,https://cdn.nba.com/logos/nba/1610612754/global/L/logo.svg,
20260826,20261203,401910086,1,Dec 03,2026-12-04T00:30Z,Kaseya Center,MIA,Heat,Miami,https://cdn.nba.com/logos/nba/1610612748/global/L/logo.svg,,WAS,Wizards,Washington,https://cdn.nba.com/logos/nba/1610612764/global/L/logo.svg,
20260826,20261203,401910087,1,Dec 03,2026-12-04T01:00Z,United Center,CHI,Bulls,Chicago,https://cdn.nba.com/logos/nba/1610612741/global/L/logo.svg,,CLE,Cavaliers,Cleveland,https://cdn.nba.com/logos/nba/1610612739/global/L/logo.svg,
20260826,20261203,401910088,1,Dec 03,2026-12-04T01:00Z,Frost Bank Center,SAS,Spurs,San Antonio,https://cdn.nba.com/logos/nba/1610612759/global/L/logo.svg,,TOR,Raptors,Toronto,https://cdn.nba.com/logos/nba/1610612761/global/L/logo.svg,
20260826,20261203,401910089,1,Dec 03,2026-12-04T03:00Z,Moda Center,POR,Trail Blazers,Portland,https://cdn.nba.com/logos/nba/1610612757/global/L/logo.svg,,UTAH,Jazz,Utah,https://a.espncdn.com/i/teamlogos/nba/500/scoreboard/utah.png,
20260826,20261204,401909450,1,Dec 04,2026-12-04T05:00Z,,TBD,TBD,TBD,,,TBD,TBD,TBD,,
20260826,20261204,401909451,1,Dec 04,2026-12-04T05:00Z,,TBD,TBD,TBD,,,TBD,TBD,TBD,,
20260826,20261205,401909452,1,Dec 05,2026-12-05T05:00Z,,TBD,TBD,TBD,,,TBD,TBD,TBD,,
20260826,20261205,401909453,1,Dec 05,2026-12-05T05:00Z,,TBD,TBD,TBD,,,TBD,TBD,TBD,,
20260826,20261208,401909454,1,Dec 08,2026-12-08T05:00Z,,TBD,TBD,TBD,,,TBD,TBD,TBD,,
20260826,20261211,401909456,1,Dec 11,2026-12-11T05:00Z,Hinkle Fieldhouse,TBD,TBD,TBD,,,TBD,TBD,TBD,,
20260826,20261212,401910090,1,Dec 12,2026-12-12T22:00Z,FedExForum,MEM,Grizzlies,Memphis,https://cdn.nba.com/logos/nba/1610612763/global/L/logo.svg,,MIL,Bucks,Milwaukee,https://cdn.nba.com/logos/nba/1610612749/global/L/logo.svg,
20260826,20261212,401910091,1,Dec 12,2026-12-13T00:00Z,Capital One Arena,WAS,Wizards,Washington,https://cdn.nba.com/logos/nba/1610612764/global/L/logo.svg,,CHA,Hornets,Charlotte,https://cdn.nba.com/logos/nba/1610612766/global/L/logo.svg,
20260826,20261212,401910092,1,Dec 12,2026-12-13T00:30Z,Xfinity Mobile Arena,PHI,76ers,Philadelphia,https://cdn.nba.com/logos/nba/1610612755/global/L/logo.svg,,ORL,Magic,Orlando,https://cdn.nba.com/logos/nba/1610612753/global/L/logo.svg,
20260826,20261212,401910093,1,Dec 12,2026-12-13T01:00Z,Rocket Arena,CLE,Cavaliers,Cleveland,https://cdn.nba.com/logos/nba/1610612739/global/L/logo.svg,,GSW,Warriors,Golden State,https://cdn.nba.com/logos/nba/1610612744/global/L/logo.svg,
20260826,20261212,401910094,1,Dec 12,2026-12-13T01:30Z,Kaseya Center,MIA,Heat,Miami,https://cdn.nba.com/logos/nba/1610612748/global/L/logo.svg,,NYK,Knicks,New York,https://cdn.nba.com/logos/nba/1610612752/global/L/logo.svg,
20260826,20261212,401910095,1,Dec 12,2026-12-13T02:00Z,Mortgage Matchup Center,PHX,Suns,Phoenix,https://cdn.nba.com/logos/nba/1610612756/global/L/logo.svg,,MIN,Timberwolves,Minnesota,https://cdn.nba.com/logos/nba/1610612750/global/L/logo.svg,
20260826,20261212,401910096,1,Dec 12,2026-12-13T02:30Z,Delta Center,UTAH,Jazz,Utah,https://a.espncdn.com/i/teamlogos/nba/500/scoreboard/utah.png,,DEN,Nuggets,Denver,https://cdn.nba.com/logos/nba/1610612743/global/L/logo.svg,
20260826,20261212,401910097,1,Dec 12,2026-12-13T03:00Z,Moda Center,POR,Trail Blazers,Portland,https://cdn.nba.com/logos/nba/1610612757/global/L/logo.svg,,ATL,Hawks,Atlanta,https://cdn.nba.com/logos/nba/1610612737/global/L/logo.svg,
20260826,20261213,401910098,1,Dec 13,2026-12-13T20:00Z,Barclays Center,BKN,Nets,Brooklyn,https://cdn.nba.com/logos/nba/1610612751/global/L/logo.svg,,BOS,Celtics,Boston,https://cdn.nba.com/logos/nba/1610612738/global/L/logo.svg,
20260826,20261213,401910099,1,Dec 13,2026-12-13T20:30Z,Paycom Center,OKC,Thunder,Oklahoma City,https://cdn.nba.com/logos/nba/1610612760/global/L/logo.svg,,TOR,Raptors,Toronto,https://cdn.nba.com/logos/nba/1610612761/global/L/logo.svg,
20260826,20261213,401910100,1,Dec 13,2026-12-13T22:00Z,Gainbridge Fieldhouse,IND,Pacers,Indiana,https://cdn.nba.com/logos/nba/1610612754/global/L/logo.svg,,DET,Pistons,Detroit,https://cdn.nba.com/logos/nba/1610612765/global/L/logo.svg,
20260826,20261213,401910101,1,Dec 13,2026-12-13T23:00Z,United Center,CHI,Bulls,Chicago,https://cdn.nba.com/logos/nba/1610612741/global/L/logo.svg,,HOU,Rockets,Houston,https://cdn.nba.com/logos/nba/1610612745/global/L/logo.svg,
20260826,20261213,401910102,1,Dec 13,2026-12-14T00:00Z,Frost Bank Center,SAS,Spurs,San Antonio,https://cdn.nba.com/logos/nba/1610612759/global/L/logo.svg,,LAC,Clippers,LA,https://cdn.nba.com/logos/nba/1610612746/global/L/logo.svg,
20260826,20261213,401910103,1,Dec 13,2026-12-14T02:00Z,Golden 1 Center,SAC,Kings,Sacramento,https://cdn.nba.com/logos/nba/1610612758/global/L/logo.svg,,NOP,Pelicans,New Orleans,https://cdn.nba.com/logos/nba/1610612740/global/L/logo.svg,
20260826,20261214,401910104,1,Dec 14,2026-12-15T00:00Z,Spectrum Center,CHA,Hornets,Charlotte,https://cdn.nba.com/logos/nba/1610612766/global/L/logo.svg,,TOR,Raptors,Toronto,https://cdn.nba.com/logos/nba/1610612761/global/L/logo.svg,
20260826,20261214,401910105,1,Dec 14,2026-12-15T00:00Z,Little Caesars Arena,DET,Pistons,Detroit,https://cdn.nba.com/logos/nba/1610612765/global/L/logo.svg,,BKN,Nets,Brooklyn,https://cdn.nba.com/logos/nba/1610612751/global/L/logo.svg,
20260826,20261214,401910106,1,Dec 14,2026-12-15T00:00Z,Kia Center,ORL,Magic,Orlando,https://cdn.nba.com/logos/nba/1610612753/global/L/logo.svg,,PHI,76ers,Philadelphia,https://cdn.nba.com/logos/nba/1610612755/global/L/logo.svg,
20260826,20261214,401910107,1,Dec 14,2026-12-15T00:30Z,TD Garden,BOS,Celtics,Boston,https://cdn.nba.com/logos/nba/1610612738/global/L/logo.svg,,WAS,Wizards,Washington,https://cdn.nba.com/logos/nba/1610612764/global/L/logo.svg,
20260826,20261214,401910108,1,Dec 14,2026-12-15T01:00Z,United Center,CHI,Bulls,Chicago,https://cdn.nba.com/logos/nba/1610612741/global/L/logo.svg,,MIA,Heat,Miami,https://cdn.nba.com/logos/nba/1610612748/global/L/logo.svg,
20260826,20261214,401910109,1,Dec 14,2026-12-15T01:00Z,American Airlines Center,DAL,Mavericks,Dallas,https://cdn.nba.com/logos/nba/1610612742/global/L/logo.svg,,MIL,Bucks,Milwaukee,https://cdn.nba.com/logos/nba/1610612749/global/L/logo.svg,
20260826,20261214,401910110,1,Dec 14,2026-12-15T01:00Z,FedExForum,MEM,Grizzlies,Memphis,https://cdn.nba.com/logos/nba/1610612763/global/L/logo.svg,,GSW,Warriors,Golden State,https://cdn.nba.com/logos/nba/1610612744/global/L/logo.svg,
20260826,20261214,401910111,1,Dec 14,2026-12-15T01:30Z,Toyota Center (Houston),HOU,Rockets,Houston,https://cdn.nba.com/logos/nba/1610612745/global/L/logo.svg,,NYK,Knicks,New York,https://cdn.nba.com/logos/nba/1610612752/global/L/logo.svg,
20260826,20261214,401910112,1,Dec 14,2026-12-15T02:00Z,Mortgage Matchup Center,PHX,Suns,Phoenix,https://cdn.nba.com/logos/nba/1610612756/global/L/logo.svg,,ATL,Hawks,Atlanta,https://cdn.nba.com/logos/nba/1610612737/global/L/logo.svg,
20260826,20261214,401910113,1,Dec 14,2026-12-15T02:00Z,Delta Center,UTAH,Jazz,Utah,https://a.espncdn.com/i/teamlogos/nba/500/scoreboard/utah.png,,MIN,Timberwolves,Minnesota,https://cdn.nba.com/logos/nba/1610612750/global/L/logo.svg,
20260826,20261214,401910114,1,Dec 14,2026-12-15T03:00Z,crypto.com Arena,LAL,Lakers,Los Angeles,https://cdn.nba.com/logos/nba/1610612747/global/L/logo.svg,,NOP,Pelicans,New Orleans,https://cdn.nba.com/logos/nba/1610612740/global/L/logo.svg,
20260826,20261215,401910115,1,Dec 15,2026-12-16T01:00Z,Rocket Arena,CLE,Cavaliers,Cleveland,https://cdn.nba.com/logos/nba/1610612739/global/L/logo.svg,,SAS,Spurs,San Antonio,https://cdn.nba.com/logos/nba/1610612759/global/L/logo.svg,
20260826,20261215,401910116,1,Dec 15,2026-12-16T04:00Z,Moda Center,POR,Trail Blazers,Portland,https://cdn.nba.com/logos/nba/1610612757/global/L/logo.svg,,DEN,Nuggets,Denver,https://cdn.nba.com/logos/nba/1610612743/global/L/logo.svg,
20260826,20261216,401910117,1,Dec 16,2026-12-17T00:00Z,TD Garden,BOS,Celtics,Boston,https://cdn.nba.com/logos/nba/1610612738/global/L/logo.svg,,WAS,Wizards,Washington,https://cdn.nba.com/logos/nba/1610612764/global/L/logo.svg,
20260826,20261216,401910118,1,Dec 16,2026-12-17T00:00Z,Spectrum Center,CHA,Hornets,Charlotte,https://cdn.nba.com/logos/nba/1610612766/global/L/logo.svg,,LAC,Clippers,LA,https://cdn.nba.com/logos/nba/1610612746/global/L/logo.svg,
20260826,20261216,401910119,1,Dec 16,2026-12-17T00:00Z,Little Caesars Arena,DET,Pistons,Detroit,https://cdn.nba.com/logos/nba/1610612765/global/L/logo.svg,,PHX,Suns,Phoenix,https://cdn.nba.com/logos/nba/1610612756/global/L/logo.svg,
20260826,20261216,401910120,1,Dec 16,2026-12-17T00:00Z,Gainbridge Fieldhouse,IND,Pacers,Indiana,https://cdn.nba.com/logos/nba/1610612754/global/L/logo.svg,,GSW,Warriors,Golden State,https://cdn.nba.com/logos/nba/1610612744/global/L/logo.svg,
20260826,20261216,401910121,1,Dec 16,2026-12-17T00:00Z,Kia Center,ORL,Magic,Orlando,https://cdn.nba.com/logos/nba/1610612753/global/L/logo.svg,,CLE,Cavaliers,Cleveland,https://cdn.nba.com/logos/nba/1610612739/global/L/logo.svg,
20260826,20261216,401910122,1,Dec 16,2026-12-17T00:30Z,Barclays Center,BKN,Nets,Brooklyn,https://cdn.nba.com/logos/nba/1610612751/global/L/logo.svg,,DAL,Mavericks,Dallas,https://cdn.nba.com/logos/nba/1610612742/global/L/logo.svg,
20260826,20261216,401910123,1,Dec 16,2026-12-17T00:30Z,Scotiabank Arena,TOR,Raptors,Toronto,https://cdn.nba.com/logos/nba/1610612761/global/L/logo.svg,,SAS,Spurs,San Antonio,https://cdn.nba.com/logos/nba/1610612759/global/L/logo.svg,
20260826,20261216,401910124,1,Dec 16,2026-12-17T01:00Z,United Center,CHI,Bulls,Chicago,https://cdn.nba.com/logos/nba/1610612741/global/L/logo.svg,,UTAH,Jazz,Utah,https://a.espncdn.com/i/teamlogos/nba/500/scoreboard/utah.png,
20260826,20261216,401910125,1,Dec 16,2026-12-17T01:00Z,FedExForum,MEM,Grizzlies,Memphis,https://cdn.nba.com/logos/nba/1610612763/global/L/logo.svg,,MIA,Heat,Miami,https://cdn.nba.com/logos/nba/1610612748/global/L/logo.svg,
20260826,20261216,401910126,1,Dec 16,2026-12-17T01:00Z,Smoothie King Center,NOP,Pelicans,New Orleans,https://cdn.nba.com/logos/nba/1610612740/global/L/logo.svg,,NYK,Knicks,New York,https://cdn.nba.com/logos/nba/1610612752/global/L/logo.svg,
20260826,20261216,401910127,1,Dec 16,2026-12-17T01:00Z,Paycom Center,OKC,Thunder,Oklahoma City,https://cdn.nba.com/logos/nba/1610612760/global/L/logo.svg,,SAC,Kings,Sacramento,https://cdn.nba.com/logos/nba/1610612758/global/L/logo.svg,
20260826,20261216,401910128,1,Dec 16,2026-12-17T01:30Z,Toyota Center (Houston),HOU,Rockets,Houston,https://cdn.nba.com/logos/nba/1610612745/global/L/logo.svg,,MIL,Bucks,Milwaukee,https://cdn.nba.com/logos/nba/1610612749/global/L/logo.svg,
20260826,20261216,401910129,1,Dec 16,2026-12-17T02:30Z,Target Center,MIN,Timberwolves,Minnesota,https://cdn.nba.com/logos/nba/1610612750/global/L/logo.svg,,LAL,Lakers,Los Angeles,https://cdn.nba.com/logos/nba/1610612747/global/L/logo.svg,
20260826,20261217,401910130,1,Dec 17,2026-12-18T00:00Z,Gainbridge Fieldhouse,IND,Pacers,Indiana,https://cdn.nba.com/logos/nba/1610612754/global/L/logo.svg,,POR,Trail Blazers,Portland,https://cdn.nba.com/logos/nba/1610612757/global/L/logo.svg,
20260826,20261217,401910131,1,Dec 17,2026-12-18T00:00Z,Xfinity Mobile Arena,PHI,76ers,Philadelphia,https://cdn.nba.com/logos/nba/1610612755/global/L/logo.svg,,DAL,Mavericks,Dallas,https://cdn.nba.com/logos/nba/1610612742/global/L/logo.svg,
20260826,20261217,401910132,1,Dec 17,2026-12-18T02:00Z,Ball Arena,DEN,Nuggets,Denver,https://cdn.nba.com/logos/nba/1610612743/global/L/logo.svg,,ATL,Hawks,Atlanta,https://cdn.nba.com/logos/nba/1610612737/global/L/logo.svg,
20260826,20261218,401910133,1,Dec 18,2026-12-19T00:00Z,Spectrum Center,CHA,Hornets,Charlotte,https://cdn.nba.com/logos/nba/1610612766/global/L/logo.svg,,OKC,Thunder,Oklahoma City,https://cdn.nba.com/logos/nba/1610612760/global/L/logo.svg,
20260826,20261218,401910134,1,Dec 18,2026-12-19T00:00Z,Kaseya Center,MIA,Heat,Miami,https://cdn.nba.com/logos/nba/1610612748/global/L/logo.svg,,LAC,Clippers,LA,https://cdn.nba.com/logos/nba/1610612746/global/L/logo.svg,
20260826,20261218,401910135,1,Dec 18,2026-12-19T00:00Z,Capital One Arena,WAS,Wizards,Washington,https://cdn.nba.com/logos/nba/1610612764/global/L/logo.svg,,NYK,Knicks,New York,https://cdn.nba.com/logos/nba/1610612752/global/L/logo.svg,
20260826,20261218,401910136,1,Dec 18,2026-12-19T00:30Z,TD Garden,BOS,Celtics,Boston,https://cdn.nba.com/logos/nba/1610612738/global/L/logo.svg,,UTAH,Jazz,Utah,https://a.espncdn.com/i/teamlogos/nba/500/scoreboard/utah.png,
20260826,20261218,401910137,1,Dec 18,2026-12-19T00:30Z,Barclays Center,BKN,Nets,Brooklyn,https://cdn.nba.com/logos/nba/1610612751/global/L/logo.svg,,ORL,Magic,Orlando,https://cdn.nba.com/logos/nba/1610612753/global/L/logo.svg,
20260826,20261218,401910138,1,Dec 18,2026-12-19T00:30Z,Little Caesars Arena,DET,Pistons,Detroit,https://cdn.nba.com/logos/nba/1610612765/global/L/logo.svg,,CLE,Cavaliers,Cleveland,https://cdn.nba.com/logos/nba/1610612739/global/L/logo.svg,
20260826,20261218,401910139,1,Dec 18,2026-12-19T00:30Z,Scotiabank Arena,TOR,Raptors,Toronto,https://cdn.nba.com/logos/nba/1610612761/global/L/logo.svg,,GSW,Warriors,Golden State,https://cdn.nba.com/logos/nba/1610612744/global/L/logo.svg,
20260826,20261218,401910140,1,Dec 18,2026-12-19T01:00Z,FedExForum,MEM,Grizzlies,Memphis,https://cdn.nba.com/logos/nba/1610612763/global/L/logo.svg,,HOU,Rockets,Houston,https://cdn.nba.com/logos/nba/1610612745/global/L/logo.svg,
20260826,20261218,401910141,1,Dec 18,2026-12-19T01:00Z,Fiserv Forum,MIL,Bucks,Milwaukee,https://cdn.nba.com/logos/nba/1610612749/global/L/logo.svg,,PHX,Suns,Phoenix,https://cdn.nba.com/logos/nba/1610612756/global/L/logo.svg,
20260826,20261218,401910142,1,Dec 18,2026-12-19T01:00Z,Target Center,MIN,Timberwolves,Minnesota,https://cdn.nba.com/logos/nba/1610612750/global/L/logo.svg,,LAL,Lakers,Los Angeles,https://cdn.nba.com/logos/nba/1610612747/global/L/logo.svg,
20260826,20261218,401910143,1,Dec 18,2026-12-19T01:00Z,Smoothie King Center,NOP,Pelicans,New Orleans,https://cdn.nba.com/logos/nba/1610612740/global/L/logo.svg,,SAC,Kings,Sacramento,https://cdn.nba.com/logos/nba/1610612758/global/L/logo.svg,
20260826,20261218,401910144,1,Dec 18,2026-12-19T01:00Z,Frost Bank Center,SAS,Spurs,San Antonio,https://cdn.nba.com/logos/nba/1610612759/global/L/logo.svg,,CHI,Bulls,Chicago,https://cdn.nba.com/logos/nba/1610612741/global/L/logo.svg,
20260826,20261219,401910145,1,Dec 19,2026-12-19T23:00Z,Spectrum Center,CHA,Hornets,Charlotte,https://cdn.nba.com/logos/nba/1610612766/global/L/logo.svg,,POR,Trail Blazers,Portland,https://cdn.nba.com/logos/nba/1610612757/global/L/logo.svg,
20260826,20261219,401910146,1,Dec 19,2026-12-20T00:00Z,State Farm Arena,ATL,Hawks,Atlanta,https://cdn.nba.com/logos/nba/1610612737/global/L/logo.svg,,ORL,Magic,Orlando,https://cdn.nba.com/logos/nba/1610612753/global/L/logo.svg,
20260826,20261219,401910147,1,Dec 19,2026-12-20T01:00Z,American Airlines Center,DAL,Mavericks,Dallas,https://cdn.nba.com/logos/nba/1610612742/global/L/logo.svg,,CHI,Bulls,Chicago,https://cdn.nba.com/logos/nba/1610612741/global/L/logo.svg,
20260826,20261219,401910148,1,Dec 19,2026-12-20T02:00Z,Ball Arena,DEN,Nuggets,Denver,https://cdn.nba.com/logos/nba/1610612743/global/L/logo.svg,,LAL,Lakers,Los Angeles,https://cdn.nba.com/logos/nba/1610612747/global/L/logo.svg,
20260826,20261220,401910149,1,Dec 20,2026-12-20T20:00Z,Barclays Center,BKN,Nets,Brooklyn,https://cdn.nba.com/logos/nba/1610612751/global/L/logo.svg,,WAS,Wizards,Washington,https://cdn.nba.com/logos/nba/1610612764/global/L/logo.svg,
20260826,20261220,401910150,1,Dec 20,2026-12-20T20:30Z,Scotiabank Arena,TOR,Raptors,Toronto,https://cdn.nba.com/logos/nba/1610612761/global/L/logo.svg,,HOU,Rockets,Houston,https://cdn.nba.com/logos/nba/1610612745/global/L/logo.svg,
20260826,20261220,401910151,1,Dec 20,2026-12-20T21:00Z,FedExForum,MEM,Grizzlies,Memphis,https://cdn.nba.com/logos/nba/1610612763/global/L/logo.svg,,PHX,Suns,Phoenix,https://cdn.nba.com/logos/nba/1610612756/global/L/logo.svg,
20260826,20261220,401910152,1,Dec 20,2026-12-20T23:00Z,Rocket Arena,CLE,Cavaliers,Cleveland,https://cdn.nba.com/logos/nba/1610612739/global/L/logo.svg,,UTAH,Jazz,Utah,https://a.espncdn.com/i/teamlogos/nba/500/scoreboard/utah.png,
20260826,20261220,401910153,1,Dec 20,2026-12-20T23:00Z,Kaseya Center,MIA,Heat,Miami,https://cdn.nba.com/logos/nba/1610612748/global/L/logo.svg,,SAC,Kings,Sacramento,https://cdn.nba.com/logos/nba/1610612758/global/L/logo.svg,
20260826,20261220,401910154,1,Dec 20,2026-12-21T00:00Z,State Farm Arena,ATL,Hawks,Atlanta,https://cdn.nba.com/logos/nba/1610612737/global/L/logo.svg,,OKC,Thunder,Oklahoma City,https://cdn.nba.com/logos/nba/1610612760/global/L/logo.svg,
20260826,20261220,401910155,1,Dec 20,2026-12-21T00:00Z,Smoothie King Center,NOP,Pelicans,New Orleans,https://cdn.nba.com/logos/nba/1610612740/global/L/logo.svg,,SAS,Spurs,San Antonio,https://cdn.nba.com/logos/nba/1610612759/global/L/logo.svg,
20260826,20261220,401910156,1,Dec 20,2026-12-21T01:00Z,TD Garden,BOS,Celtics,Boston,https://cdn.nba.com/logos/nba/1610612738/global/L/logo.svg,,DET,Pistons,Detroit,https://cdn.nba.com/logos/nba/1610612765/global/L/logo.svg,
20260826,20261220,401910157,1,Dec 20,2026-12-21T01:00Z,Fiserv Forum,MIL,Bucks,Milwaukee,https://cdn.nba.com/logos/nba/1610612749/global/L/logo.svg,,GSW,Warriors,Golden State,https://cdn.nba.com/logos/nba/1610612744/global/L/logo.svg,
20260826,20261220,401910158,1,Dec 20,2026-12-21T03:00Z,Intuit Dome,LAC,Clippers,LA,https://cdn.nba.com/logos/nba/1610612746/global/L/logo.svg,,IND,Pacers,Indiana,https://cdn.nba.com/logos/nba/1610612754/global/L/logo.svg,
20260826,20261221,401910159,1,Dec 21,2026-12-22T00:00Z,Spectrum Center,CHA,Hornets,Charlotte,https://cdn.nba.com/logos/nba/1610612766/global/L/logo.svg,,PHI,76ers,Philadelphia,https://cdn.nba.com/logos/nba/1610612755/global/L/logo.svg,
20260826,20261221,401910160,1,Dec 21,2026-12-22T00:00Z,Rocket Arena,CLE,Cavaliers,Cleveland,https://cdn.nba.com/logos/nba/1610612739/global/L/logo.svg,,NYK,Knicks,New York,https://cdn.nba.com/logos/nba/1610612752/global/L/logo.svg,
20260826,20261221,401910161,1,Dec 21,2026-12-22T00:00Z,Kia Center,ORL,Magic,Orlando,https://cdn.nba.com/logos/nba/1610612753/global/L/logo.svg,,SAC,Kings,Sacramento,https://cdn.nba.com/logos/nba/1610612758/global/L/logo.svg,
20260826,20261221,401910162,1,Dec 21,2026-12-22T00:30Z,Barclays Center,BKN,Nets,Brooklyn,https://cdn.nba.com/logos/nba/1610612751/global/L/logo.svg,,POR,Trail Blazers,Portland,https://cdn.nba.com/logos/nba/1610612757/global/L/logo.svg,
20260826,20261221,401910163,1,Dec 21,2026-12-22T00:30Z,Kaseya Center,MIA,Heat,Miami,https://cdn.nba.com/logos/nba/1610612748/global/L/logo.svg,,CHI,Bulls,Chicago,https://cdn.nba.com/logos/nba/1610612741/global/L/logo.svg,
20260826,20261221,401910164,1,Dec 21,2026-12-22T01:00Z,Target Center,MIN,Timberwolves,Minnesota,https://cdn.nba.com/logos/nba/1610612750/global/L/logo.svg,,PHX,Suns,Phoenix,https://cdn.nba.com/logos/nba/1610612756/global/L/logo.svg,
20260826,20261221,401910165,1,Dec 21,2026-12-22T01:00Z,Smoothie King Center,NOP,Pelicans,New Orleans,https://cdn.nba.com/logos/nba/1610612740/global/L/logo.svg,,MEM,Grizzlies,Memphis,https://cdn.nba.com/logos/nba/1610612763/global/L/logo.svg,
20260826,20261221,401910166,1,Dec 21,2026-12-22T01:00Z,Frost Bank Center,SAS,Spurs,San Antonio,https://cdn.nba.com/logos/nba/1610612759/global/L/logo.svg,,MIL,Bucks,Milwaukee,https://cdn.nba.com/logos/nba/1610612749/global/L/logo.svg,
20260826,20261221,401910167,1,Dec 21,2026-12-22T03:00Z,crypto.com Arena,LAL,Lakers,Los Angeles,https://cdn.nba.com/logos/nba/1610612747/global/L/logo.svg,,IND,Pacers,Indiana,https://cdn.nba.com/logos/nba/1610612754/global/L/logo.svg,
20260826,20261221,401910168,1,Dec 21,2026-12-22T03:30Z,Intuit Dome,LAC,Clippers,LA,https://cdn.nba.com/logos/nba/1610612746/global/L/logo.svg,,DEN,Nuggets,Denver,https://cdn.nba.com/logos/nba/1610612743/global/L/logo.svg,
20260826,20261222,401910169,1,Dec 22,2026-12-23T00:00Z,Capital One Arena,WAS,Wizards,Washington,https://cdn.nba.com/logos/nba/1610612764/global/L/logo.svg,,TOR,Raptors,Toronto,https://cdn.nba.com/logos/nba/1610612761/global/L/logo.svg,
20260826,20261222,401910170,1,Dec 22,2026-12-23T01:00Z,Paycom Center,OKC,Thunder,Oklahoma City,https://cdn.nba.com/logos/nba/1610612760/global/L/logo.svg,,DET,Pistons,Detroit,https://cdn.nba.com/logos/nba/1610612765/global/L/logo.svg,
20260826,20261222,401910171,1,Dec 22,2026-12-23T03:30Z,Chase Center,GSW,Warriors,Golden State,https://cdn.nba.com/logos/nba/1610612744/global/L/logo.svg,,DAL,Mavericks,Dallas,https://cdn.nba.com/logos/nba/1610612742/global/L/logo.svg,
20260826,20261223,401910172,1,Dec 23,2026-12-24T00:00Z,State Farm Arena,ATL,Hawks,Atlanta,https://cdn.nba.com/logos/nba/1610612737/global/L/logo.svg,,DET,Pistons,Detroit,https://cdn.nba.com/logos/nba/1610612765/global/L/logo.svg,
20260826,20261223,401910173,1,Dec 23,2026-12-24T00:00Z,Kia Center,ORL,Magic,Orlando,https://cdn.nba.com/logos/nba/1610612753/global/L/logo.svg,,CHA,Hornets,Charlotte,https://cdn.nba.com/logos/nba/1610612766/global/L/logo.svg,
20260826,20261223,401910174,1,Dec 23,2026-12-24T00:00Z,Capital One Arena,WAS,Wizards,Washington,https://cdn.nba.com/logos/nba/1610612764/global/L/logo.svg,,CLE,Cavaliers,Cleveland,https://cdn.nba.com/logos/nba/1610612739/global/L/logo.svg,
20260826,20261223,401910175,1,Dec 23,2026-12-24T00:30Z,TD Garden,BOS,Celtics,Boston,https://cdn.nba.com/logos/nba/1610612738/global/L/logo.svg,,POR,Trail Blazers,Portland,https://cdn.nba.com/logos/nba/1610612757/global/L/logo.svg,
20260826,20261223,401910176,1,Dec 23,2026-12-24T00:30Z,Barclays Center,BKN,Nets,Brooklyn,https://cdn.nba.com/logos/nba/1610612751/global/L/logo.svg,,SAS,Spurs,San Antonio,https://cdn.nba.com/logos/nba/1610612759/global/L/logo.svg,
20260826,20261223,401910177,1,Dec 23,2026-12-24T00:30Z,Kaseya Center,MIA,Heat,Miami,https://cdn.nba.com/logos/nba/1610612748/global/L/logo.svg,,CHI,Bulls,Chicago,https://cdn.nba.com/logos/nba/1610612741/global/L/logo.svg,
20260826,20261223,401910178,1,Dec 23,2026-12-24T00:30Z,Madison Square Garden,NYK,Knicks,New York,https://cdn.nba.com/logos/nba/1610612752/global/L/logo.svg,,UTAH,Jazz,Utah,https://a.espncdn.com/i/teamlogos/nba/500/scoreboard/utah.png,
20260826,20261223,401910179,1,Dec 23,2026-12-24T00:30Z,Xfinity Mobile Arena,PHI,76ers,Philadelphia,https://cdn.nba.com/logos/nba/1610612755/global/L/logo.svg,,HOU,Rockets,Houston,https://cdn.nba.com/logos/nba/1610612745/global/L/logo.svg,
20260826,20261223,401910180,1,Dec 23,2026-12-24T01:00Z,FedExForum,MEM,Grizzlies,Memphis,https://cdn.nba.com/logos/nba/1610612763/global/L/logo.svg,,TOR,Raptors,Toronto,https://cdn.nba.com/logos/nba/1610612761/global/L/logo.svg,
20260826,20261223,401910181,1,Dec 23,2026-12-24T01:00Z,Fiserv Forum,MIL,Bucks,Milwaukee,https://cdn.nba.com/logos/nba/1610612749/global/L/logo.svg,,MIN,Timberwolves,Minnesota,https://cdn.nba.com/logos/nba/1610612750/global/L/logo.svg,
20260826,20261223,401910182,1,Dec 23,2026-12-24T01:00Z,Smoothie King Center,NOP,Pelicans,New Orleans,https://cdn.nba.com/logos/nba/1610612740/global/L/logo.svg,,OKC,Thunder,Oklahoma City,https://cdn.nba.com/logos/nba/1610612760/global/L/logo.svg,
20260826,20261223,401910183,1,Dec 23,2026-12-24T02:00Z,Mortgage Matchup Center,PHX,Suns,Phoenix,https://cdn.nba.com/logos/nba/1610612756/global/L/logo.svg,,IND,Pacers,Indiana,https://cdn.nba.com/logos/nba/1610612754/global/L/logo.svg,
20260826,20261223,401910184,1,Dec 23,2026-12-24T03:00Z,crypto.com Arena,LAL,Lakers,Los Angeles,https://cdn.nba.com/logos/nba/1610612747/global/L/logo.svg,,DEN,Nuggets,Denver,https://cdn.nba.com/logos/nba/1610612743/global/L/logo.svg,
20260826,20261223,401910185,1,Dec 23,2026-12-24T03:00Z,Golden 1 Center,SAC,Kings,Sacramento,https://cdn.nba.com/logos/nba/1610612758/global/L/logo.svg,,DAL,Mavericks,Dallas,https://cdn.nba.com/logos/nba/1610612742/global/L/logo.svg,
20260826,20261223,401910186,1,Dec 23,2026-12-24T03:30Z,Intuit Dome,LAC,Clippers,LA,https://cdn.nba.com/logos/nba/1610612746/global/L/logo.svg,,GSW,Warriors,Golden State,https://cdn.nba.com/logos/nba/1610612744/global/L/logo.svg,
20260826,20261225,401909097,1,Dec 25,2026-12-25T17:00Z,Madison Square Garden,NYK,Knicks,New York,https://cdn.nba.com/logos/nba/1610612752/global/L/logo.svg,,SAS,Spurs,San Antonio,https://cdn.nba.com/logos/nba/1610612759/global/L/logo.svg,
20260826,20261225,401909098,1,Dec 25,2026-12-25T19:30Z,TD Garden,BOS,Celtics,Boston,https://cdn.nba.com/logos/nba/1610612738/global/L/logo.svg,,MIA,Heat,Miami,https://cdn.nba.com/logos/nba/1610612748/global/L/logo.svg,
20260826,20261225,401909099,1,Dec 25,2026-12-25T22:00Z,crypto.com Arena,LAL,Lakers,Los Angeles,https://cdn.nba.com/logos/nba/1610612747/global/L/logo.svg,,PHI,76ers,Philadelphia,https://cdn.nba.com/logos/nba/1610612755/global/L/logo.svg,
20260826,20261225,401909100,1,Dec 25,2026-12-26T01:00Z,Target Center,MIN,Timberwolves,Minnesota,https://cdn.nba.com/logos/nba/1610612750/global/L/logo.svg,,OKC,Thunder,Oklahoma City,https://cdn.nba.com/logos/nba/1610612760/global/L/logo.svg,
20260826,20261225,401909101,1,Dec 25,2026-12-26T03:30Z,Chase Center,GSW,Warriors,Golden State,https://cdn.nba.com/logos/nba/1610612744/global/L/logo.svg,,DEN,Nuggets,Denver,https://cdn.nba.com/logos/nba/1610612743/global/L/logo.svg,
20260826,20261226,401910187,1,Dec 26,2026-12-26T18:00Z,Capital One Arena,WAS,Wizards,Washington,https://cdn.nba.com/logos/nba/1610612764/global/L/logo.svg,,POR,Trail Blazers,Portland,https://cdn.nba.com/logos/nba/1610612757/global/L/logo.svg,
20260826,20261226,401910188,1,Dec 26,2026-12-26T20:30Z,State Farm Arena,ATL,Hawks,Atlanta,https://cdn.nba.com/logos/nba/1610612737/global/L/logo.svg,,CHA,Hornets,Charlotte,https://cdn.nba.com/logos/nba/1610612766/global/L/logo.svg,
20260826,20261226,401910189,1,Dec 26,2026-12-26T22:00Z,Delta Center,UTAH,Jazz,Utah,https://a.espncdn.com/i/teamlogos/nba/500/scoreboard/utah.png,,IND,Pacers,Indiana,https://cdn.nba.com/logos/nba/1610612754/global/L/logo.svg,
20260826,20261226,401910190,1,Dec 26,2026-12-26T23:00Z,Barclays Center,BKN,Nets,Brooklyn,https://cdn.nba.com/logos/nba/1610612751/global/L/logo.svg,,NOP,Pelicans,New Orleans,https://cdn.nba.com/logos/nba/1610612740/global/L/logo.svg,
20260826,20261226,401910191,1,Dec 26,2026-12-27T00:00Z,Kia Center,ORL,Magic,Orlando,https://cdn.nba.com/logos/nba/1610612753/global/L/logo.svg,,TOR,Raptors,Toronto,https://cdn.nba.com/logos/nba/1610612761/global/L/logo.svg,
20260826,20261226,401910192,1,Dec 26,2026-12-27T01:00Z,United Center,CHI,Bulls,Chicago,https://cdn.nba.com/logos/nba/1610612741/global/L/logo.svg,,DET,Pistons,Detroit,https://cdn.nba.com/logos/nba/1610612765/global/L/logo.svg,
20260826,20261226,401910193,1,Dec 26,2026-12-27T01:00Z,American Airlines Center,DAL,Mavericks,Dallas,https://cdn.nba.com/logos/nba/1610612742/global/L/logo.svg,,PHX,Suns,Phoenix,https://cdn.nba.com/logos/nba/1610612756/global/L/logo.svg,
20260826,20261226,401910194,1,Dec 26,2026-12-27T03:30Z,Intuit Dome,LAC,Clippers,LA,https://cdn.nba.com/logos/nba/1610612746/global/L/logo.svg,,MEM,Grizzlies,Memphis,https://cdn.nba.com/logos/nba/1610612763/global/L/logo.svg,
20260826,20261227,401910195,1,Dec 27,2026-12-27T20:30Z,Toyota Center (Houston),HOU,Rockets,Houston,https://cdn.nba.com/logos/nba/1610612745/global/L/logo.svg,,OKC,Thunder,Oklahoma City,https://cdn.nba.com/logos/nba/1610612760/global/L/logo.svg,
20260826,20261227,401910196,1,Dec 27,2026-12-27T23:00Z,Rocket Arena,CLE,Cavaliers,Cleveland,https://cdn.nba.com/logos/nba/1610612739/global/L/logo.svg,,WAS,Wizards,Washington,https://cdn.nba.com/logos/nba/1610612764/global/L/logo.svg,
20260826,20261227,401910197,1,Dec 27,2026-12-27T23:00Z,Kaseya Center,MIA,Heat,Miami,https://cdn.nba.com/logos/nba/1610612748/global/L/logo.svg,,CHA,Hornets,Charlotte,https://cdn.nba.com/logos/nba/1610612766/global/L/logo.svg,
20260826,20261227,401910198,1,Dec 27,2026-12-27T23:00Z,Madison Square Garden,NYK,Knicks,New York,https://cdn.nba.com/logos/nba/1610612752/global/L/logo.svg,,BKN,Nets,Brooklyn,https://cdn.nba.com/logos/nba/1610612751/global/L/logo.svg,
20260826,20261227,401910199,1,Dec 27,2026-12-27T23:00Z,Kia Center,ORL,Magic,Orlando,https://cdn.nba.com/logos/nba/1610612753/global/L/logo.svg,,MIL,Bucks,Milwaukee,https://cdn.nba.com/logos/nba/1610612749/global/L/logo.svg,
20260826,20261227,401910200,1,Dec 27,2026-12-27T23:00Z,Golden 1 Center,SAC,Kings,Sacramento,https://cdn.nba.com/logos/nba/1610612758/global/L/logo.svg,,UTAH,Jazz,Utah,https://a.espncdn.com/i/teamlogos/nba/500/scoreboard/utah.png,
20260826,20261227,401910201,1,Dec 27,2026-12-28T00:00Z,Little Caesars Arena,DET,Pistons,Detroit,https://cdn.nba.com/logos/nba/1610612765/global/L/logo.svg,,POR,Trail Blazers,Portland,https://cdn.nba.com/logos/nba/1610612757/global/L/logo.svg,
20260826,20261227,401910202,1,Dec 27,2026-12-28T00:00Z,Frost Bank Center,SAS,Spurs,San Antonio,https://cdn.nba.com/logos/nba/1610612759/global/L/logo.svg,,ATL,Hawks,Atlanta,https://cdn.nba.com/logos/nba/1610612737/global/L/logo.svg,
20260826,20261227,401910203,1,Dec 27,2026-12-28T01:00Z,Ball Arena,DEN,Nuggets,Denver,https://cdn.nba.com/logos/nba/1610612743/global/L/logo.svg,,IND,Pacers,Indiana,https://cdn.nba.com/logos/nba/1610612754/global/L/logo.svg,
20260826,20261227,401910204,1,Dec 27,2026-12-28T01:30Z,Chase Center,GSW,Warriors,Golden State,https://cdn.nba.com/logos/nba/1610612744/global/L/logo.svg,,MIN,Timberwolves,Minnesota,https://cdn.nba.com/logos/nba/1610612750/global/L/logo.svg,
20260826,20261227,401910205,1,Dec 27,2026-12-28T02:00Z,Intuit Dome,LAC,Clippers,LA,https://cdn.nba.com/logos/nba/1610612746/global/L/logo.svg,,PHI,76ers,Philadelphia,https://cdn.nba.com/logos/nba/1610612755/global/L/logo.svg,
20260826,20261227,401910206,1,Dec 27,2026-12-28T02:00Z,crypto.com Arena,LAL,Lakers,Los Angeles,https://cdn.nba.com/logos/nba/1610612747/global/L/logo.svg,,MEM,Grizzlies,Memphis,https://cdn.nba.com/logos/nba/1610612763/global/L/logo.svg,
20260826,20261228,401910207,1,Dec 28,2026-12-29T00:30Z,Scotiabank Arena,TOR,Raptors,Toronto,https://cdn.nba.com/logos/nba/1610612761/global/L/logo.svg,,NOP,Pelicans,New Orleans,https://cdn.nba.com/logos/nba/1610612740/global/L/logo.svg,
20260826,20261228,401910208,1,Dec 28,2026-12-29T01:00Z,TD Garden,BOS,Celtics,Boston,https://cdn.nba.com/logos/nba/1610612738/global/L/logo.svg,,CLE,Cavaliers,Cleveland,https://cdn.nba.com/logos/nba/1610612739/global/L/logo.svg,
20260826,20261228,401910209,1,Dec 28,2026-12-29T02:00Z,Mortgage Matchup Center,PHX,Suns,Phoenix,https://cdn.nba.com/logos/nba/1610612756/global/L/logo.svg,,GSW,Warriors,Golden State,https://cdn.nba.com/logos/nba/1610612744/global/L/logo.svg,
20260826,20261228,401910210,1,Dec 28,2026-12-29T03:30Z,Ball Arena,DEN,Nuggets,Denver,https://cdn.nba.com/logos/nba/1610612743/global/L/logo.svg,,MIN,Timberwolves,Minnesota,https://cdn.nba.com/logos/nba/1610612750/global/L/logo.svg,
20260826,20261229,401910211,1,Dec 29,2026-12-30T00:00Z,State Farm Arena,ATL,Hawks,Atlanta,https://cdn.nba.com/logos/nba/1610612737/global/L/logo.svg,,CHI,Bulls,Chicago,https://cdn.nba.com/logos/nba/1610612741/global/L/logo.svg,
20260826,20261229,401910212,1,Dec 29,2026-12-30T00:00Z,Spectrum Center,CHA,Hornets,Charlotte,https://cdn.nba.com/logos/nba/1610612766/global/L/logo.svg,,ORL,Magic,Orlando,https://cdn.nba.com/logos/nba/1610612753/global/L/logo.svg,
20260826,20261229,401910213,1,Dec 29,2026-12-30T00:00Z,Gainbridge Fieldhouse,IND,Pacers,Indiana,https://cdn.nba.com/logos/nba/1610612754/global/L/logo.svg,,LAC,Clippers,LA,https://cdn.nba.com/logos/nba/1610612746/global/L/logo.svg,
20260826,20261229,401910214,1,Dec 29,2026-12-30T01:00Z,American Airlines Center,DAL,Mavericks,Dallas,https://cdn.nba.com/logos/nba/1610612742/global/L/logo.svg,,MIA,Heat,Miami,https://cdn.nba.com/logos/nba/1610612748/global/L/logo.svg,
20260826,20261229,401910215,1,Dec 29,2026-12-30T01:00Z,FedExForum,MEM,Grizzlies,Memphis,https://cdn.nba.com/logos/nba/1610612763/global/L/logo.svg,,SAS,Spurs,San Antonio,https://cdn.nba.com/logos/nba/1610612759/global/L/logo.svg,
20260826,20261229,401910216,1,Dec 29,2026-12-30T01:00Z,Paycom Center,OKC,Thunder,Oklahoma City,https://cdn.nba.com/logos/nba/1610612760/global/L/logo.svg,,MIL,Bucks,Milwaukee,https://cdn.nba.com/logos/nba/1610612749/global/L/logo.svg,
20260826,20261229,401910217,1,Dec 29,2026-12-30T03:00Z,Moda Center,POR,Trail Blazers,Portland,https://cdn.nba.com/logos/nba/1610612757/global/L/logo.svg,,BKN,Nets,Brooklyn,https://cdn.nba.com/logos/nba/1610612751/global/L/logo.svg,
20260826,20261229,401910218,1,Dec 29,2026-12-30T03:00Z,Golden 1 Center,SAC,Kings,Sacramento,https://cdn.nba.com/logos/nba/1610612758/global/L/logo.svg,,PHI,76ers,Philadelphia,https://cdn.nba.com/logos/nba/1610612755/global/L/logo.svg,
20260826,20261229,401910219,1,Dec 29,2026-12-30T03:30Z,crypto.com Arena,LAL,Lakers,Los Angeles,https://cdn.nba.com/logos/nba/1610612747/global/L/logo.svg,,HOU,Rockets,Houston,https://cdn.nba.com/logos/nba/1610612745/global/L/logo.svg,
20260826,20261230,401910220,1,Dec 30,2026-12-31T00:00Z,Little Caesars Arena,DET,Pistons,Detroit,https://cdn.nba.com/logos/nba/1610612765/global/L/logo.svg,,NOP,Pelicans,New Orleans,https://cdn.nba.com/logos/nba/1610612740/global/L/logo.svg,
20260826,20261230,401910221,1,Dec 30,2026-12-31T00:30Z,Scotiabank Arena,TOR,Raptors,Toronto,https://cdn.nba.com/logos/nba/1610612761/global/L/logo.svg,,WAS,Wizards,Washington,https://cdn.nba.com/logos/nba/1610612764/global/L/logo.svg,
20260826,20261230,401910222,1,Dec 30,2026-12-31T01:00Z,United Center,CHI,Bulls,Chicago,https://cdn.nba.com/logos/nba/1610612741/global/L/logo.svg,,BOS,Celtics,Boston,https://cdn.nba.com/logos/nba/1610612738/global/L/logo.svg,
20260826,20261230,401910223,1,Dec 30,2026-12-31T02:00Z,Mortgage Matchup Center,PHX,Suns,Phoenix,https://cdn.nba.com/logos/nba/1610612756/global/L/logo.svg,,PHI,76ers,Philadelphia,https://cdn.nba.com/logos/nba/1610612755/global/L/logo.svg,
20260826,20261230,401910224,1,Dec 30,2026-12-31T02:00Z,Delta Center,UTAH,Jazz,Utah,https://a.espncdn.com/i/teamlogos/nba/500/scoreboard/utah.png,,NYK,Knicks,New York,https://cdn.nba.com/logos/nba/1610612752/global/L/logo.svg,
20260826,20261230,401910225,1,Dec 30,2026-12-31T03:00Z,Chase Center,GSW,Warriors,Golden State,https://cdn.nba.com/logos/nba/1610612744/global/L/logo.svg,,HOU,Rockets,Houston,https://cdn.nba.com/logos/nba/1610612745/global/L/logo.svg,
20260826,20261231,401910226,1,Dec 31,2026-12-31T18:00Z,Spectrum Center,CHA,Hornets,Charlotte,https://cdn.nba.com/logos/nba/1610612766/global/L/logo.svg,,SAS,Spurs,San Antonio,https://cdn.nba.com/logos/nba/1610612759/global/L/logo.svg,
20260826,20261231,401910227,1,Dec 31,2026-12-31T20:00Z,State Farm Arena,ATL,Hawks,Atlanta,https://cdn.nba.com/logos/nba/1610612737/global/L/logo.svg,,MIL,Bucks,Milwaukee,https://cdn.nba.com/logos/nba/1610612749/global/L/logo.svg,
20260826,20261231,401910228,1,Dec 31,2026-12-31T20:00Z,Rocket Arena,CLE,Cavaliers,Cleveland,https://cdn.nba.com/logos/nba/1610612739/global/L/logo.svg,,LAC,Clippers,LA,https://cdn.nba.com/logos/nba/1610612746/global/L/logo.svg,
20260826,20261231,401910229,1,Dec 31,2026-12-31T20:00Z,Gainbridge Fieldhouse,IND,Pacers,Indiana,https://cdn.nba.com/logos/nba/1610612754/global/L/logo.svg,,ORL,Magic,Orlando,https://cdn.nba.com/logos/nba/1610612753/global/L/logo.svg,
20260826,20261231,401910230,1,Dec 31,2026-12-31T21:00Z,Target Center,MIN,Timberwolves,Minnesota,https://cdn.nba.com/logos/nba/1610612750/global/L/logo.svg,,DEN,Nuggets,Denver,https://cdn.nba.com/logos/nba/1610612743/global/L/logo.svg,
20260826,20261231,401910231,1,Dec 31,2026-12-31T23:00Z,Golden 1 Center,SAC,Kings,Sacramento,https://cdn.nba.com/logos/nba/1610612758/global/L/logo.svg,,BKN,Nets,Brooklyn,https://cdn.nba.com/logos/nba/1610612751/global/L/logo.svg,
20260826,20261231,401910232,1,Dec 31,2027-01-01T01:00Z,Smoothie King Center,NOP,Pelicans,New Orleans,https://cdn.nba.com/logos/nba/1610612740/global/L/logo.svg,,LAL,Lakers,Los Angeles,https://cdn.nba.com/logos/nba/1610612747/global/L/logo.svg,
20260826,20261231,401910233,1,Dec 31,2027-01-01T01:00Z,Paycom Center,OKC,Thunder,Oklahoma City,https://cdn.nba.com/logos/nba/1610612760/global/L/logo.svg,,MIA,Heat,Miami,https://cdn.nba.com/logos/nba/1610612748/global/L/logo.svg,
20260826,20261231,401910234,1,Dec 31,2027-01-01T02:00Z,Mortgage Matchup Center,PHX,Suns,Phoenix,https://cdn.nba.com/logos/nba/1610612756/global/L/logo.svg,,NYK,Knicks,New York,https://cdn.nba.com/logos/nba/1610612752/global/L/logo.svg,
20260826,20270101,401910235,1,Jan 01,2027-01-01T22:00Z,Capital One Arena,WAS,Wizards,Washington,https://cdn.nba.com/logos/nba/1610612764/global/L/logo.svg,,SAS,Spurs,San Antonio,https://cdn.nba.com/logos/nba/1610612759/global/L/logo.svg,
20260826,20270101,401910236,1,Jan 01,2027-01-02T00:30Z,Little Caesars Arena,DET,Pistons,Detroit,https://cdn.nba.com/logos/nba/1610612765/global/L/logo.svg,,ORL,Magic,Orlando,https://cdn.nba.com/logos/nba/1610612753/global/L/logo.svg,
20260826,20270101,401910237,1,Jan 01,2027-01-02T00:30Z,Scotiabank Arena,TOR,Raptors,Toronto,https://cdn.nba.com/logos/nba/1610612761/global/L/logo.svg,,LAC,Clippers,LA,https://cdn.nba.com/logos/nba/1610612746/global/L/logo.svg,
20260826,20270101,401910238,1,Jan 01,2027-01-02T01:00Z,Fiserv Forum,MIL,Bucks,Milwaukee,https://cdn.nba.com/logos/nba/1610612749/global/L/logo.svg,,PHI,76ers,Philadelphia,https://cdn.nba.com/logos/nba/1610612755/global/L/logo.svg,
20260826,20270101,401910239,1,Jan 01,2027-01-02T01:30Z,Toyota Center (Houston),HOU,Rockets,Houston,https://cdn.nba.com/logos/nba/1610612745/global/L/logo.svg,,DAL,Mavericks,Dallas,https://cdn.nba.com/logos/nba/1610612742/global/L/logo.svg,
20260826,20270101,401910240,1,Jan 01,2027-01-02T02:30Z,Delta Center,UTAH,Jazz,Utah,https://a.espncdn.com/i/teamlogos/nba/500/scoreboard/utah.png,,BOS,Celtics,Boston,https://cdn.nba.com/logos/nba/1610612738/global/L/logo.svg,
20260826,20270102,401910241,1,Jan 02,2027-01-02T18:00Z,Spectrum Center,CHA,Hornets,Charlotte,https://cdn.nba.com/logos/nba/1610612766/global/L/logo.svg,,CLE,Cavaliers,Cleveland,https://cdn.nba.com/logos/nba/1610612739/global/L/logo.svg,
20260826,20270102,401910242,1,Jan 02,2027-01-02T22:00Z,Ball Arena,DEN,Nuggets,Denver,https://cdn.nba.com/logos/nba/1610612743/global/L/logo.svg,,NYK,Knicks,New York,https://cdn.nba.com/logos/nba/1610612752/global/L/logo.svg,
20260826,20270102,401910243,1,Jan 02,2027-01-03T00:00Z,Gainbridge Fieldhouse,IND,Pacers,Indiana,https://cdn.nba.com/logos/nba/1610612754/global/L/logo.svg,,MIN,Timberwolves,Minnesota,https://cdn.nba.com/logos/nba/1610612750/global/L/logo.svg,
20260826,20270102,401910244,1,Jan 02,2027-01-03T00:00Z,Smoothie King Center,NOP,Pelicans,New Orleans,https://cdn.nba.com/logos/nba/1610612740/global/L/logo.svg,,MIA,Heat,Miami,https://cdn.nba.com/logos/nba/1610612748/global/L/logo.svg,
20260826,20270102,401910245,1,Jan 02,2027-01-03T00:30Z,State Farm Arena,ATL,Hawks,Atlanta,https://cdn.nba.com/logos/nba/1610612737/global/L/logo.svg,,DAL,Mavericks,Dallas,https://cdn.nba.com/logos/nba/1610612742/global/L/logo.svg,
20260826,20270102,401910246,1,Jan 02,2027-01-03T01:00Z,United Center,CHI,Bulls,Chicago,https://cdn.nba.com/logos/nba/1610612741/global/L/logo.svg,,LAL,Lakers,Los Angeles,https://cdn.nba.com/logos/nba/1610612747/global/L/logo.svg,
20260826,20270102,401910247,1,Jan 02,2027-01-03T01:00Z,Paycom Center,OKC,Thunder,Oklahoma City,https://cdn.nba.com/logos/nba/1610612760/global/L/logo.svg,,UTAH,Jazz,Utah,https://a.espncdn.com/i/teamlogos/nba/500/scoreboard/utah.png,
20260826,20270102,401910248,1,Jan 02,2027-01-03T01:30Z,Chase Center,GSW,Warriors,Golden State,https://cdn.nba.com/logos/nba/1610612744/global/L/logo.svg,,BKN,Nets,Brooklyn,https://cdn.nba.com/logos/nba/1610612751/global/L/logo.svg,
20260826,20270102,401910249,1,Jan 02,2027-01-03T02:00Z,Mortgage Matchup Center,PHX,Suns,Phoenix,https://cdn.nba.com/logos/nba/1610612756/global/L/logo.svg,,SAC,Kings,Sacramento,https://cdn.nba.com/logos/nba/1610612758/global/L/logo.svg,
20260826,20270102,401910250,1,Jan 02,2027-01-03T03:00Z,Moda Center,POR,Trail Blazers,Portland,https://cdn.nba.com/logos/nba/1610612757/global/L/logo.svg,,BOS,Celtics,Boston,https://cdn.nba.com/logos/nba/1610612738/global/L/logo.svg,
20260826,20270103,401910251,1,Jan 03,2027-01-03T22:00Z,Ball Arena,DEN,Nuggets,Denver,https://cdn.nba.com/logos/nba/1610612743/global/L/logo.svg,,DET,Pistons,Detroit,https://cdn.nba.com/logos/nba/1610612765/global/L/logo.svg,
20260826,20270103,401910252,1,Jan 03,2027-01-03T22:30Z,Fiserv Forum,MIL,Bucks,Milwaukee,https://cdn.nba.com/logos/nba/1610612749/global/L/logo.svg,,CHA,Hornets,Charlotte,https://cdn.nba.com/logos/nba/1610612766/global/L/logo.svg,
20260826,20270103,401910253,1,Jan 03,2027-01-03T23:00Z,Kia Center,ORL,Magic,Orlando,https://cdn.nba.com/logos/nba/1610612753/global/L/logo.svg,,MEM,Grizzlies,Memphis,https://cdn.nba.com/logos/nba/1610612763/global/L/logo.svg,
20260826,20270103,401910254,1,Jan 03,2027-01-04T00:00Z,Scotiabank Arena,TOR,Raptors,Toronto,https://cdn.nba.com/logos/nba/1610612761/global/L/logo.svg,,LAL,Lakers,Los Angeles,https://cdn.nba.com/logos/nba/1610612747/global/L/logo.svg,
20260826,20270103,401910255,1,Jan 03,2027-01-04T00:00Z,Capital One Arena,WAS,Wizards,Washington,https://cdn.nba.com/logos/nba/1610612764/global/L/logo.svg,,LAC,Clippers,LA,https://cdn.nba.com/logos/nba/1610612746/global/L/logo.svg,
20260826,20270103,401910256,1,Jan 03,2027-01-04T00:00Z,Toyota Center (Houston),HOU,Rockets,Houston,https://cdn.nba.com/logos/nba/1610612745/global/L/logo.svg,,CLE,Cavaliers,Cleveland,https://cdn.nba.com/logos/nba/1610612739/global/L/logo.svg,
20260826,20270103,401910257,1,Jan 03,2027-01-04T00:00Z,Target Center,MIN,Timberwolves,Minnesota,https://cdn.nba.com/logos/nba/1610612750/global/L/logo.svg,,SAS,Spurs,San Antonio,https://cdn.nba.com/logos/nba/1610612759/global/L/logo.svg,
20260826,20270103,401910258,1,Jan 03,2027-01-04T01:00Z,Paycom Center,OKC,Thunder,Oklahoma City,https://cdn.nba.com/logos/nba/1610612760/global/L/logo.svg,,SAC,Kings,Sacramento,https://cdn.nba.com/logos/nba/1610612758/global/L/logo.svg,
20260826,20270104,401910259,1,Jan 04,2027-01-05T00:00Z,Gainbridge Fieldhouse,IND,Pacers,Indiana,https://cdn.nba.com/logos/nba/1610612754/global/L/logo.svg,,CHI,Bulls,Chicago,https://cdn.nba.com/logos/nba/1610612741/global/L/logo.svg,
20260826,20270104,401910260,1,Jan 04,2027-01-05T00:00Z,Xfinity Mobile Arena,PHI,76ers,Philadelphia,https://cdn.nba.com/logos/nba/1610612755/global/L/logo.svg,,ATL,Hawks,Atlanta,https://cdn.nba.com/logos/nba/1610612737/global/L/logo.svg,
20260826,20270104,401910261,1,Jan 04,2027-01-05T01:00Z,Smoothie King Center,NOP,Pelicans,New Orleans,https://cdn.nba.com/logos/nba/1610612740/global/L/logo.svg,,DAL,Mavericks,Dallas,https://cdn.nba.com/logos/nba/1610612742/global/L/logo.svg,
20260826,20270104,401910262,1,Jan 04,2027-01-05T02:00Z,Mortgage Matchup Center,PHX,Suns,Phoenix,https://cdn.nba.com/logos/nba/1610612756/global/L/logo.svg,,BOS,Celtics,Boston,https://cdn.nba.com/logos/nba/1610612738/global/L/logo.svg,
20260826,20270104,401910263,1,Jan 04,2027-01-05T02:00Z,Delta Center,UTAH,Jazz,Utah,https://a.espncdn.com/i/teamlogos/nba/500/scoreboard/utah.png,,BKN,Nets,Brooklyn,https://cdn.nba.com/logos/nba/1610612751/global/L/logo.svg,
20260826,20270104,401910264,1,Jan 04,2027-01-05T03:00Z,Moda Center,POR,Trail Blazers,Portland,https://cdn.nba.com/logos/nba/1610612757/global/L/logo.svg,,NYK,Knicks,New York,https://cdn.nba.com/logos/nba/1610612752/global/L/logo.svg,
20260826,20270105,401910265,1,Jan 05,2027-01-06T00:00Z,Spectrum Center,CHA,Hornets,Charlotte,https://cdn.nba.com/logos/nba/1610612766/global/L/logo.svg,,ATL,Hawks,Atlanta,https://cdn.nba.com/logos/nba/1610612737/global/L/logo.svg,
20260826,20270105,401910266,1,Jan 05,2027-01-06T00:00Z,Rocket Arena,CLE,Cavaliers,Cleveland,https://cdn.nba.com/logos/nba/1610612739/global/L/logo.svg,,TOR,Raptors,Toronto,https://cdn.nba.com/logos/nba/1610612761/global/L/logo.svg,
20260826,20270105,401910267,1,Jan 05,2027-01-06T00:00Z,Kia Center,ORL,Magic,Orlando,https://cdn.nba.com/logos/nba/1610612753/global/L/logo.svg,,LAC,Clippers,LA,https://cdn.nba.com/logos/nba/1610612746/global/L/logo.svg,
20260826,20270105,401910268,1,Jan 05,2027-01-06T00:00Z,Capital One Arena,WAS,Wizards,Washington,https://cdn.nba.com/logos/nba/1610612764/global/L/logo.svg,,LAL,Lakers,Los Angeles,https://cdn.nba.com/logos/nba/1610612747/global/L/logo.svg,
20260826,20270105,401910269,1,Jan 05,2027-01-06T00:30Z,Kaseya Center,MIA,Heat,Miami,https://cdn.nba.com/logos/nba/1610612748/global/L/logo.svg,,MEM,Grizzlies,Memphis,https://cdn.nba.com/logos/nba/1610612763/global/L/logo.svg,
20260826,20270105,401910270,1,Jan 05,2027-01-06T01:00Z,United Center,CHI,Bulls,Chicago,https://cdn.nba.com/logos/nba/1610612741/global/L/logo.svg,,MIL,Bucks,Milwaukee,https://cdn.nba.com/logos/nba/1610612749/global/L/logo.svg,
20260826,20270105,401910271,1,Jan 05,2027-01-06T01:00Z,Toyota Center (Houston),HOU,Rockets,Houston,https://cdn.nba.com/logos/nba/1610612745/global/L/logo.svg,,MIN,Timberwolves,Minnesota,https://cdn.nba.com/logos/nba/1610612750/global/L/logo.svg,
20260826,20270105,401910272,1,Jan 05,2027-01-06T03:00Z,Ball Arena,DEN,Nuggets,Denver,https://cdn.nba.com/logos/nba/1610612743/global/L/logo.svg,,PHX,Suns,Phoenix,https://cdn.nba.com/logos/nba/1610612756/global/L/logo.svg,
20260826,20270105,401910273,1,Jan 05,2027-01-06T03:00Z,Golden 1 Center,SAC,Kings,Sacramento,https://cdn.nba.com/logos/nba/1610612758/global/L/logo.svg,,DET,Pistons,Detroit,https://cdn.nba.com/logos/nba/1610612765/global/L/logo.svg,
20260826,20270106,401910274,1,Jan 06,2027-01-07T00:30Z,Barclays Center,BKN,Nets,Brooklyn,https://cdn.nba.com/logos/nba/1610612751/global/L/logo.svg,,UTAH,Jazz,Utah,https://a.espncdn.com/i/teamlogos/nba/500/scoreboard/utah.png,
20260826,20270106,401910275,1,Jan 06,2027-01-07T00:30Z,Xfinity Mobile Arena,PHI,76ers,Philadelphia,https://cdn.nba.com/logos/nba/1610612755/global/L/logo.svg,,OKC,Thunder,Oklahoma City,https://cdn.nba.com/logos/nba/1610612760/global/L/logo.svg,
20260826,20270106,401910276,1,Jan 06,2027-01-07T01:00Z,Smoothie King Center,NOP,Pelicans,New Orleans,https://cdn.nba.com/logos/nba/1610612740/global/L/logo.svg,,POR,Trail Blazers,Portland,https://cdn.nba.com/logos/nba/1610612757/global/L/logo.svg,
20260826,20270106,401910277,1,Jan 06,2027-01-07T01:00Z,Frost Bank Center,SAS,Spurs,San Antonio,https://cdn.nba.com/logos/nba/1610612759/global/L/logo.svg,,IND,Pacers,Indiana,https://cdn.nba.com/logos/nba/1610612754/global/L/logo.svg,
20260826,20270106,401910278,1,Jan 06,2027-01-07T03:00Z,Chase Center,GSW,Warriors,Golden State,https://cdn.nba.com/logos/nba/1610612744/global/L/logo.svg,,NYK,Knicks,New York,https://cdn.nba.com/logos/nba/1610612752/global/L/logo.svg,
20260826,20270107,401910279,1,Jan 07,2027-01-08T00:00Z,State Farm Arena,ATL,Hawks,Atlanta,https://cdn.nba.com/logos/nba/1610612737/global/L/logo.svg,,IND,Pacers,Indiana,https://cdn.nba.com/logos/nba/1610612754/global/L/logo.svg,
20260826,20270107,401910280,1,Jan 07,2027-01-08T00:00Z,Spectrum Center,CHA,Hornets,Charlotte,https://cdn.nba.com/logos/nba/1610612766/global/L/logo.svg,,DEN,Nuggets,Denver,https://cdn.nba.com/logos/nba/1610612743/global/L/logo.svg,
20260826,20270107,401910281,1,Jan 07,2027-01-08T00:00Z,Kia Center,ORL,Magic,Orlando,https://cdn.nba.com/logos/nba/1610612753/global/L/logo.svg,,CLE,Cavaliers,Cleveland,https://cdn.nba.com/logos/nba/1610612739/global/L/logo.svg,
20260826,20270107,401910282,1,Jan 07,2027-01-08T00:00Z,Capital One Arena,WAS,Wizards,Washington,https://cdn.nba.com/logos/nba/1610612764/global/L/logo.svg,,OKC,Thunder,Oklahoma City,https://cdn.nba.com/logos/nba/1610612760/global/L/logo.svg,
20260826,20270107,401910283,1,Jan 07,2027-01-08T00:30Z,Barclays Center,BKN,Nets,Brooklyn,https://cdn.nba.com/logos/nba/1610612751/global/L/logo.svg,,MIA,Heat,Miami,https://cdn.nba.com/logos/nba/1610612748/global/L/logo.svg,
20260826,20270107,401910284,1,Jan 07,2027-01-08T00:30Z,Scotiabank Arena,TOR,Raptors,Toronto,https://cdn.nba.com/logos/nba/1610612761/global/L/logo.svg,,MIN,Timberwolves,Minnesota,https://cdn.nba.com/logos/nba/1610612750/global/L/logo.svg,
20260826,20270107,401910285,1,Jan 07,2027-01-08T01:00Z,American Airlines Center,DAL,Mavericks,Dallas,https://cdn.nba.com/logos/nba/1610612742/global/L/logo.svg,,POR,Trail Blazers,Portland,https://cdn.nba.com/logos/nba/1610612757/global/L/logo.svg,
20260826,20270107,401910286,1,Jan 07,2027-01-08T01:00Z,Fiserv Forum,MIL,Bucks,Milwaukee,https://cdn.nba.com/logos/nba/1610612749/global/L/logo.svg,,LAC,Clippers,LA,https://cdn.nba.com/logos/nba/1610612746/global/L/logo.svg,
20260826,20270107,401910287,1,Jan 07,2027-01-08T01:30Z,Toyota Center (Houston),HOU,Rockets,Houston,https://cdn.nba.com/logos/nba/1610612745/global/L/logo.svg,,MEM,Grizzlies,Memphis,https://cdn.nba.com/logos/nba/1610612763/global/L/logo.svg,
20260826,20270107,401910288,1,Jan 07,2027-01-08T03:00Z,Chase Center,GSW,Warriors,Golden State,https://cdn.nba.com/logos/nba/1610612744/global/L/logo.svg,,DET,Pistons,Detroit,https://cdn.nba.com/logos/nba/1610612765/global/L/logo.svg,
20260826,20270107,401910289,1,Jan 07,2027-01-08T03:00Z,crypto.com Arena,LAL,Lakers,Los Angeles,https://cdn.nba.com/logos/nba/1610612747/global/L/logo.svg,,BOS,Celtics,Boston,https://cdn.nba.com/logos/nba/1610612738/global/L/logo.svg,
20260826,20270107,401910290,1,Jan 07,2027-01-08T03:00Z,Golden 1 Center,SAC,Kings,Sacramento,https://cdn.nba.com/logos/nba/1610612758/global/L/logo.svg,,CHI,Bulls,Chicago,https://cdn.nba.com/logos/nba/1610612741/global/L/logo.svg,
20260826,20270108,401910291,1,Jan 08,2027-01-09T00:00Z,Xfinity Mobile Arena,PHI,76ers,Philadelphia,https://cdn.nba.com/logos/nba/1610612755/global/L/logo.svg,,MIA,Heat,Miami,https://cdn.nba.com/logos/nba/1610612748/global/L/logo.svg,
20260826,20270108,401910292,1,Jan 08,2027-01-09T00:00Z,Capital One Arena,WAS,Wizards,Washington,https://cdn.nba.com/logos/nba/1610612764/global/L/logo.svg,,MIN,Timberwolves,Minnesota,https://cdn.nba.com/logos/nba/1610612750/global/L/logo.svg,
20260826,20270108,401910293,1,Jan 08,2027-01-09T00:30Z,Scotiabank Arena,TOR,Raptors,Toronto,https://cdn.nba.com/logos/nba/1610612761/global/L/logo.svg,,UTAH,Jazz,Utah,https://a.espncdn.com/i/teamlogos/nba/500/scoreboard/utah.png,
20260826,20270108,401910294,1,Jan 08,2027-01-09T01:00Z,Smoothie King Center,NOP,Pelicans,New Orleans,https://cdn.nba.com/logos/nba/1610612740/global/L/logo.svg,,ORL,Magic,Orlando,https://cdn.nba.com/logos/nba/1610612753/global/L/logo.svg,
20260826,20270108,401910295,1,Jan 08,2027-01-09T01:00Z,Frost Bank Center,SAS,Spurs,San Antonio,https://cdn.nba.com/logos/nba/1610612759/global/L/logo.svg,,MEM,Grizzlies,Memphis,https://cdn.nba.com/logos/nba/1610612763/global/L/logo.svg,
20260826,20270108,401910296,1,Jan 08,2027-01-09T02:30Z,American Airlines Center,DAL,Mavericks,Dallas,https://cdn.nba.com/logos/nba/1610612742/global/L/logo.svg,,PHX,Suns,Phoenix,https://cdn.nba.com/logos/nba/1610612756/global/L/logo.svg,
20260826,20270108,401910297,1,Jan 08,2027-01-09T03:00Z,crypto.com Arena,LAL,Lakers,Los Angeles,https://cdn.nba.com/logos/nba/1610612747/global/L/logo.svg,,DET,Pistons,Detroit,https://cdn.nba.com/logos/nba/1610612765/global/L/logo.svg,
20260826,20270108,401910298,1,Jan 08,2027-01-09T03:00Z,Golden 1 Center,SAC,Kings,Sacramento,https://cdn.nba.com/logos/nba/1610612758/global/L/logo.svg,,NYK,Knicks,New York,https://cdn.nba.com/logos/nba/1610612752/global/L/logo.svg,
20260826,20270109,401910299,1,Jan 09,2027-01-09T22:00Z,Rocket Arena,CLE,Cavaliers,Cleveland,https://cdn.nba.com/logos/nba/1610612739/global/L/logo.svg,,DEN,Nuggets,Denver,https://cdn.nba.com/logos/nba/1610612743/global/L/logo.svg,
20260826,20270109,401910300,1,Jan 09,2027-01-09T23:00Z,Barclays Center,BKN,Nets,Brooklyn,https://cdn.nba.com/logos/nba/1610612751/global/L/logo.svg,,HOU,Rockets,Houston,https://cdn.nba.com/logos/nba/1610612745/global/L/logo.svg,
20260826,20270109,401910301,1,Jan 09,2027-01-10T00:00Z,Gainbridge Fieldhouse,IND,Pacers,Indiana,https://cdn.nba.com/logos/nba/1610612754/global/L/logo.svg,,MIL,Bucks,Milwaukee,https://cdn.nba.com/logos/nba/1610612749/global/L/logo.svg,
20260826,20270109,401910302,1,Jan 09,2027-01-10T01:30Z,Chase Center,GSW,Warriors,Golden State,https://cdn.nba.com/logos/nba/1610612744/global/L/logo.svg,,CHI,Bulls,Chicago,https://cdn.nba.com/logos/nba/1610612741/global/L/logo.svg,
20260826,20270109,401910303,1,Jan 09,2027-01-10T03:00Z,Moda Center,POR,Trail Blazers,Portland,https://cdn.nba.com/logos/nba/1610612757/global/L/logo.svg,,CHA,Hornets,Charlotte,https://cdn.nba.com/logos/nba/1610612766/global/L/logo.svg,
20260826,20270109,401910304,1,Jan 09,2027-01-10T03:30Z,Intuit Dome,LAC,Clippers,LA,https://cdn.nba.com/logos/nba/1610612746/global/L/logo.svg,,BOS,Celtics,Boston,https://cdn.nba.com/logos/nba/1610612738/global/L/logo.svg,
20260826,20270110,401910305,1,Jan 10,2027-01-10T20:00Z,State Farm Arena,ATL,Hawks,Atlanta,https://cdn.nba.com/logos/nba/1610612737/global/L/logo.svg,,SAS,Spurs,San Antonio,https://cdn.nba.com/logos/nba/1610612759/global/L/logo.svg,
20260826,20270110,401910306,1,Jan 10,2027-01-10T23:00Z,Little Caesars Arena,DET,Pistons,Detroit,https://cdn.nba.com/logos/nba/1610612765/global/L/logo.svg,,UTAH,Jazz,Utah,https://a.espncdn.com/i/teamlogos/nba/500/scoreboard/utah.png,
20260826,20270110,401910307,1,Jan 10,2027-01-10T23:00Z,Kaseya Center,MIA,Heat,Miami,https://cdn.nba.com/logos/nba/1610612748/global/L/logo.svg,,NOP,Pelicans,New Orleans,https://cdn.nba.com/logos/nba/1610612740/global/L/logo.svg,
20260826,20270110,401910308,1,Jan 10,2027-01-10T23:00Z,Kia Center,ORL,Magic,Orlando,https://cdn.nba.com/logos/nba/1610612753/global/L/logo.svg,,OKC,Thunder,Oklahoma City,https://cdn.nba.com/logos/nba/1610612760/global/L/logo.svg,
20260826,20270110,401910309,1,Jan 10,2027-01-10T23:00Z,Scotiabank Arena,TOR,Raptors,Toronto,https://cdn.nba.com/logos/nba/1610612761/global/L/logo.svg,,PHI,76ers,Philadelphia,https://cdn.nba.com/logos/nba/1610612755/global/L/logo.svg,
20260826,20270110,401910310,1,Jan 10,2027-01-10T23:00Z,FedExForum,MEM,Grizzlies,Memphis,https://cdn.nba.com/logos/nba/1610612763/global/L/logo.svg,,DAL,Mavericks,Dallas,https://cdn.nba.com/logos/nba/1610612742/global/L/logo.svg,
20260826,20270110,401910311,1,Jan 10,2027-01-11T00:00Z,Mortgage Matchup Center,PHX,Suns,Phoenix,https://cdn.nba.com/logos/nba/1610612756/global/L/logo.svg,,CHI,Bulls,Chicago,https://cdn.nba.com/logos/nba/1610612741/global/L/logo.svg,
20260826,20270110,401910312,1,Jan 10,2027-01-11T02:00Z,Golden 1 Center,SAC,Kings,Sacramento,https://cdn.nba.com/logos/nba/1610612758/global/L/logo.svg,,CHA,Hornets,Charlotte,https://cdn.nba.com/logos/nba/1610612766/global/L/logo.svg,
20260826,20270111,401910313,1,Jan 11,2027-01-12T00:00Z,Gainbridge Fieldhouse,IND,Pacers,Indiana,https://cdn.nba.com/logos/nba/1610612754/global/L/logo.svg,,BKN,Nets,Brooklyn,https://cdn.nba.com/logos/nba/1610612751/global/L/logo.svg,
20260826,20270111,401910314,1,Jan 11,2027-01-12T00:00Z,Capital One Arena,WAS,Wizards,Washington,https://cdn.nba.com/logos/nba/1610612764/global/L/logo.svg,,ATL,Hawks,Atlanta,https://cdn.nba.com/logos/nba/1610612737/global/L/logo.svg,
20260826,20270111,401910315,1,Jan 11,2027-01-12T00:30Z,TD Garden,BOS,Celtics,Boston,https://cdn.nba.com/logos/nba/1610612738/global/L/logo.svg,,HOU,Rockets,Houston,https://cdn.nba.com/logos/nba/1610612745/global/L/logo.svg,
20260826,20270111,401910316,1,Jan 11,2027-01-12T00:30Z,Madison Square Garden,NYK,Knicks,New York,https://cdn.nba.com/logos/nba/1610612752/global/L/logo.svg,,DEN,Nuggets,Denver,https://cdn.nba.com/logos/nba/1610612743/global/L/logo.svg,
20260826,20270111,401910317,1,Jan 11,2027-01-12T01:00Z,Target Center,MIN,Timberwolves,Minnesota,https://cdn.nba.com/logos/nba/1610612750/global/L/logo.svg,,CLE,Cavaliers,Cleveland,https://cdn.nba.com/logos/nba/1610612739/global/L/logo.svg,
20260826,20270111,401910318,1,Jan 11,2027-01-12T03:00Z,Intuit Dome,LAC,Clippers,LA,https://cdn.nba.com/logos/nba/1610612746/global/L/logo.svg,,LAL,Lakers,Los Angeles,https://cdn.nba.com/logos/nba/1610612747/global/L/logo.svg,
20260826,20270112,401910319,1,Jan 12,2027-01-13T00:30Z,Kaseya Center,MIA,Heat,Miami,https://cdn.nba.com/logos/nba/1610612748/global/L/logo.svg,,BKN,Nets,Brooklyn,https://cdn.nba.com/logos/nba/1610612751/global/L/logo.svg,
20260826,20270112,401910320,1,Jan 12,2027-01-13T00:30Z,Scotiabank Arena,TOR,Raptors,Toronto,https://cdn.nba.com/logos/nba/1610612761/global/L/logo.svg,,DET,Pistons,Detroit,https://cdn.nba.com/logos/nba/1610612765/global/L/logo.svg,
20260826,20270112,401910321,1,Jan 12,2027-01-13T01:00Z,Xfinity Mobile Arena,PHI,76ers,Philadelphia,https://cdn.nba.com/logos/nba/1610612755/global/L/logo.svg,,WAS,Wizards,Washington,https://cdn.nba.com/logos/nba/1610612764/global/L/logo.svg,
20260826,20270112,401910322,1,Jan 12,2027-01-13T01:00Z,FedExForum,MEM,Grizzlies,Memphis,https://cdn.nba.com/logos/nba/1610612763/global/L/logo.svg,,DAL,Mavericks,Dallas,https://cdn.nba.com/logos/nba/1610612742/global/L/logo.svg,
20260826,20270112,401910323,1,Jan 12,2027-01-13T01:00Z,Fiserv Forum,MIL,Bucks,Milwaukee,https://cdn.nba.com/logos/nba/1610612749/global/L/logo.svg,,DEN,Nuggets,Denver,https://cdn.nba.com/logos/nba/1610612743/global/L/logo.svg,
20260826,20270112,401910324,1,Jan 12,2027-01-13T02:00Z,Delta Center,UTAH,Jazz,Utah,https://a.espncdn.com/i/teamlogos/nba/500/scoreboard/utah.png,,CHI,Bulls,Chicago,https://cdn.nba.com/logos/nba/1610612741/global/L/logo.svg,
20260826,20270112,401910325,1,Jan 12,2027-01-13T03:00Z,Moda Center,POR,Trail Blazers,Portland,https://cdn.nba.com/logos/nba/1610612757/global/L/logo.svg,,ORL,Magic,Orlando,https://cdn.nba.com/logos/nba/1610612753/global/L/logo.svg,
20260826,20270112,401910326,1,Jan 12,2027-01-13T04:00Z,Chase Center,GSW,Warriors,Golden State,https://cdn.nba.com/logos/nba/1610612744/global/L/logo.svg,,SAC,Kings,Sacramento,https://cdn.nba.com/logos/nba/1610612758/global/L/logo.svg,
20260826,20270113,401910327,1,Jan 13,2027-01-14T00:00Z,State Farm Arena,ATL,Hawks,Atlanta,https://cdn.nba.com/logos/nba/1610612737/global/L/logo.svg,,CLE,Cavaliers,Cleveland,https://cdn.nba.com/logos/nba/1610612739/global/L/logo.svg,
20260826,20270113,401910328,1,Jan 13,2027-01-14T00:00Z,TD Garden,BOS,Celtics,Boston,https://cdn.nba.com/logos/nba/1610612738/global/L/logo.svg,,NYK,Knicks,New York,https://cdn.nba.com/logos/nba/1610612752/global/L/logo.svg,
20260826,20270113,401910329,1,Jan 13,2027-01-14T00:00Z,Gainbridge Fieldhouse,IND,Pacers,Indiana,https://cdn.nba.com/logos/nba/1610612754/global/L/logo.svg,,MIL,Bucks,Milwaukee,https://cdn.nba.com/logos/nba/1610612749/global/L/logo.svg,
20260826,20270113,401910330,1,Jan 13,2027-01-14T00:30Z,Scotiabank Arena,TOR,Raptors,Toronto,https://cdn.nba.com/logos/nba/1610612761/global/L/logo.svg,,PHX,Suns,Phoenix,https://cdn.nba.com/logos/nba/1610612756/global/L/logo.svg,
20260826,20270113,401910331,1,Jan 13,2027-01-14T02:30Z,Paycom Center,OKC,Thunder,Oklahoma City,https://cdn.nba.com/logos/nba/1610612760/global/L/logo.svg,,HOU,Rockets,Houston,https://cdn.nba.com/logos/nba/1610612745/global/L/logo.svg,
20260826,20270113,401910332,1,Jan 13,2027-01-14T03:00Z,Chase Center,GSW,Warriors,Golden State,https://cdn.nba.com/logos/nba/1610612744/global/L/logo.svg,,CHA,Hornets,Charlotte,https://cdn.nba.com/logos/nba/1610612766/global/L/logo.svg,
20260826,20270113,401910333,1,Jan 13,2027-01-14T03:00Z,Moda Center,POR,Trail Blazers,Portland,https://cdn.nba.com/logos/nba/1610612757/global/L/logo.svg,,LAL,Lakers,Los Angeles,https://cdn.nba.com/logos/nba/1610612747/global/L/logo.svg,
20260826,20270114,401910334,1,Jan 14,2027-01-14T19:00Z,Accor Arena,SAS,Spurs,San Antonio,https://cdn.nba.com/logos/nba/1610612759/global/L/logo.svg,,NOP,Pelicans,New Orleans,https://cdn.nba.com/logos/nba/1610612740/global/L/logo.svg,
20260826,20270114,401910335,1,Jan 14,2027-01-15T00:00Z,Little Caesars Arena,DET,Pistons,Detroit,https://cdn.nba.com/logos/nba/1610612765/global/L/logo.svg,,DAL,Mavericks,Dallas,https://cdn.nba.com/logos/nba/1610612742/global/L/logo.svg,
20260826,20270114,401910336,1,Jan 14,2027-01-15T00:00Z,Xfinity Mobile Arena,PHI,76ers,Philadelphia,https://cdn.nba.com/logos/nba/1610612755/global/L/logo.svg,,BKN,Nets,Brooklyn,https://cdn.nba.com/logos/nba/1610612751/global/L/logo.svg,
20260826,20270114,401910337,1,Jan 14,2027-01-15T00:30Z,Madison Square Garden,NYK,Knicks,New York,https://cdn.nba.com/logos/nba/1610612752/global/L/logo.svg,,MIA,Heat,Miami,https://cdn.nba.com/logos/nba/1610612748/global/L/logo.svg,
20260826,20270114,401910338,1,Jan 14,2027-01-15T01:00Z,United Center,CHI,Bulls,Chicago,https://cdn.nba.com/logos/nba/1610612741/global/L/logo.svg,,MIN,Timberwolves,Minnesota,https://cdn.nba.com/logos/nba/1610612750/global/L/logo.svg,
20260826,20270114,401910339,1,Jan 14,2027-01-15T02:00Z,Ball Arena,DEN,Nuggets,Denver,https://cdn.nba.com/logos/nba/1610612743/global/L/logo.svg,,MEM,Grizzlies,Memphis,https://cdn.nba.com/logos/nba/1610612763/global/L/logo.svg,
20260826,20270114,401910340,1,Jan 14,2027-01-15T02:00Z,Delta Center,UTAH,Jazz,Utah,https://a.espncdn.com/i/teamlogos/nba/500/scoreboard/utah.png,,CHA,Hornets,Charlotte,https://cdn.nba.com/logos/nba/1610612766/global/L/logo.svg,
20260826,20270114,401910341,1,Jan 14,2027-01-15T03:00Z,crypto.com Arena,LAL,Lakers,Los Angeles,https://cdn.nba.com/logos/nba/1610612747/global/L/logo.svg,,ORL,Magic,Orlando,https://cdn.nba.com/logos/nba/1610612753/global/L/logo.svg,
20260826,20270114,401910342,1,Jan 14,2027-01-15T03:00Z,Golden 1 Center,SAC,Kings,Sacramento,https://cdn.nba.com/logos/nba/1610612758/global/L/logo.svg,,LAC,Clippers,LA,https://cdn.nba.com/logos/nba/1610612746/global/L/logo.svg,
20260826,20270115,401910343,1,Jan 15,2027-01-16T00:00Z,State Farm Arena,ATL,Hawks,Atlanta,https://cdn.nba.com/logos/nba/1610612737/global/L/logo.svg,,GSW,Warriors,Golden State,https://cdn.nba.com/logos/nba/1610612744/global/L/logo.svg,
20260826,20270115,401910344,1,Jan 15,2027-01-16T00:00Z,Gainbridge Fieldhouse,IND,Pacers,Indiana,https://cdn.nba.com/logos/nba/1610612754/global/L/logo.svg,,PHX,Suns,Phoenix,https://cdn.nba.com/logos/nba/1610612756/global/L/logo.svg,
20260826,20270115,401910345,1,Jan 15,2027-01-16T00:30Z,Scotiabank Arena,TOR,Raptors,Toronto,https://cdn.nba.com/logos/nba/1610612761/global/L/logo.svg,,MIA,Heat,Miami,https://cdn.nba.com/logos/nba/1610612748/global/L/logo.svg,
20260826,20270115,401910346,1,Jan 15,2027-01-16T01:00Z,Fiserv Forum,MIL,Bucks,Milwaukee,https://cdn.nba.com/logos/nba/1610612749/global/L/logo.svg,,CLE,Cavaliers,Cleveland,https://cdn.nba.com/logos/nba/1610612739/global/L/logo.svg,
20260826,20270115,401910347,1,Jan 15,2027-01-16T01:00Z,Paycom Center,OKC,Thunder,Oklahoma City,https://cdn.nba.com/logos/nba/1610612760/global/L/logo.svg,,UTAH,Jazz,Utah,https://a.espncdn.com/i/teamlogos/nba/500/scoreboard/utah.png,
20260826,20270115,401910348,1,Jan 15,2027-01-16T01:30Z,Toyota Center (Houston),HOU,Rockets,Houston,https://cdn.nba.com/logos/nba/1610612745/global/L/logo.svg,,WAS,Wizards,Washington,https://cdn.nba.com/logos/nba/1610612764/global/L/logo.svg,
20260826,20270115,401910349,1,Jan 15,2027-01-16T03:00Z,Moda Center,POR,Trail Blazers,Portland,https://cdn.nba.com/logos/nba/1610612757/global/L/logo.svg,,SAC,Kings,Sacramento,https://cdn.nba.com/logos/nba/1610612758/global/L/logo.svg,
20260826,20270115,401910350,1,Jan 15,2027-01-16T03:30Z,Intuit Dome,LAC,Clippers,LA,https://cdn.nba.com/logos/nba/1610612746/global/L/logo.svg,,ORL,Magic,Orlando,https://cdn.nba.com/logos/nba/1610612753/global/L/logo.svg,
20260826,20270116,401910351,1,Jan 16,2027-01-16T17:30Z,Xfinity Mobile Arena,PHI,76ers,Philadelphia,https://cdn.nba.com/logos/nba/1610612755/global/L/logo.svg,,MIN,Timberwolves,Minnesota,https://cdn.nba.com/logos/nba/1610612750/global/L/logo.svg,
20260826,20270116,401910352,1,Jan 16,2027-01-17T00:00Z,TD Garden,BOS,Celtics,Boston,https://cdn.nba.com/logos/nba/1610612738/global/L/logo.svg,,BKN,Nets,Brooklyn,https://cdn.nba.com/logos/nba/1610612751/global/L/logo.svg,
20260826,20270116,401910353,1,Jan 16,2027-01-17T00:30Z,Madison Square Garden,NYK,Knicks,New York,https://cdn.nba.com/logos/nba/1610612752/global/L/logo.svg,,DAL,Mavericks,Dallas,https://cdn.nba.com/logos/nba/1610612742/global/L/logo.svg,
20260826,20270116,401910354,1,Jan 16,2027-01-17T01:00Z,FedExForum,MEM,Grizzlies,Memphis,https://cdn.nba.com/logos/nba/1610612763/global/L/logo.svg,,CLE,Cavaliers,Cleveland,https://cdn.nba.com/logos/nba/1610612739/global/L/logo.svg,
20260826,20270116,401910355,1,Jan 16,2027-01-17T01:30Z,Toyota Center (Houston),HOU,Rockets,Houston,https://cdn.nba.com/logos/nba/1610612745/global/L/logo.svg,,DET,Pistons,Detroit,https://cdn.nba.com/logos/nba/1610612765/global/L/logo.svg,
20260826,20270116,401910356,1,Jan 16,2027-01-17T02:00Z,Ball Arena,DEN,Nuggets,Denver,https://cdn.nba.com/logos/nba/1610612743/global/L/logo.svg,,CHA,Hornets,Charlotte,https://cdn.nba.com/logos/nba/1610612766/global/L/logo.svg,
20260826,20270117,401910357,1,Jan 17,2027-01-17T15:30Z,Co-op Live,NOP,Pelicans,New Orleans,https://cdn.nba.com/logos/nba/1610612740/global/L/logo.svg,,SAS,Spurs,San Antonio,https://cdn.nba.com/logos/nba/1610612759/global/L/logo.svg,
20260826,20270117,401910358,1,Jan 17,2027-01-17T18:00Z,Capital One Arena,WAS,Wizards,Washington,https://cdn.nba.com/logos/nba/1610612764/global/L/logo.svg,,IND,Pacers,Indiana,https://cdn.nba.com/logos/nba/1610612754/global/L/logo.svg,
20260826,20270117,401910359,1,Jan 17,2027-01-17T20:30Z,United Center,CHI,Bulls,Chicago,https://cdn.nba.com/logos/nba/1610612741/global/L/logo.svg,,TOR,Raptors,Toronto,https://cdn.nba.com/logos/nba/1610612761/global/L/logo.svg,
20260826,20270117,401910360,1,Jan 17,2027-01-17T20:30Z,Paycom Center,OKC,Thunder,Oklahoma City,https://cdn.nba.com/logos/nba/1610612760/global/L/logo.svg,,POR,Trail Blazers,Portland,https://cdn.nba.com/logos/nba/1610612757/global/L/logo.svg,
20260826,20270117,401910361,1,Jan 17,2027-01-17T22:00Z,Delta Center,UTAH,Jazz,Utah,https://a.espncdn.com/i/teamlogos/nba/500/scoreboard/utah.png,,SAC,Kings,Sacramento,https://cdn.nba.com/logos/nba/1610612758/global/L/logo.svg,
20260826,20270117,401910362,1,Jan 17,2027-01-17T23:00Z,Kaseya Center,MIA,Heat,Miami,https://cdn.nba.com/logos/nba/1610612748/global/L/logo.svg,,GSW,Warriors,Golden State,https://cdn.nba.com/logos/nba/1610612744/global/L/logo.svg,
20260826,20270117,401910363,1,Jan 17,2027-01-18T01:00Z,Ball Arena,DEN,Nuggets,Denver,https://cdn.nba.com/logos/nba/1610612743/global/L/logo.svg,,ORL,Magic,Orlando,https://cdn.nba.com/logos/nba/1610612753/global/L/logo.svg,
20260826,20270117,401910364,1,Jan 17,2027-01-18T02:00Z,crypto.com Arena,LAL,Lakers,Los Angeles,https://cdn.nba.com/logos/nba/1610612747/global/L/logo.svg,,MIL,Bucks,Milwaukee,https://cdn.nba.com/logos/nba/1610612749/global/L/logo.svg,
20260826,20270118,401909473,1,Jan 18,2027-01-18T17:00Z,Rocket Arena,CLE,Cavaliers,Cleveland,https://cdn.nba.com/logos/nba/1610612739/global/L/logo.svg,,DET,Pistons,Detroit,https://cdn.nba.com/logos/nba/1610612765/global/L/logo.svg,
20260826,20270118,401909474,1,Jan 18,2027-01-18T19:30Z,State Farm Arena,ATL,Hawks,Atlanta,https://cdn.nba.com/logos/nba/1610612737/global/L/logo.svg,,PHI,76ers,Philadelphia,https://cdn.nba.com/logos/nba/1610612755/global/L/logo.svg,
20260826,20270118,401910365,1,Jan 18,2027-01-18T20:00Z,Capital One Arena,WAS,Wizards,Washington,https://cdn.nba.com/logos/nba/1610612764/global/L/logo.svg,,BOS,Celtics,Boston,https://cdn.nba.com/logos/nba/1610612738/global/L/logo.svg,
20260826,20270118,401909475,1,Jan 18,2027-01-18T22:00Z,Madison Square Garden,NYK,Knicks,New York,https://cdn.nba.com/logos/nba/1610612752/global/L/logo.svg,,MIN,Timberwolves,Minnesota,https://cdn.nba.com/logos/nba/1610612750/global/L/logo.svg,
20260826,20270118,401909476,1,Jan 18,2027-01-19T00:30Z,FedExForum,MEM,Grizzlies,Memphis,https://cdn.nba.com/logos/nba/1610612763/global/L/logo.svg,,HOU,Rockets,Houston,https://cdn.nba.com/logos/nba/1610612745/global/L/logo.svg,
20260826,20270118,401910366,1,Jan 18,2027-01-19T01:00Z,American Airlines Center,DAL,Mavericks,Dallas,https://cdn.nba.com/logos/nba/1610612742/global/L/logo.svg,,OKC,Thunder,Oklahoma City,https://cdn.nba.com/logos/nba/1610612760/global/L/logo.svg,
20260826,20270118,401910367,1,Jan 18,2027-01-19T03:30Z,Intuit Dome,LAC,Clippers,LA,https://cdn.nba.com/logos/nba/1610612746/global/L/logo.svg,,PHX,Suns,Phoenix,https://cdn.nba.com/logos/nba/1610612756/global/L/logo.svg,
20260826,20270119,401910368,1,Jan 19,2027-01-20T00:00Z,Kia Center,ORL,Magic,Orlando,https://cdn.nba.com/logos/nba/1610612753/global/L/logo.svg,,GSW,Warriors,Golden State,https://cdn.nba.com/logos/nba/1610612744/global/L/logo.svg,
20260826,20270119,401910369,1,Jan 19,2027-01-20T00:00Z,Xfinity Mobile Arena,PHI,76ers,Philadelphia,https://cdn.nba.com/logos/nba/1610612755/global/L/logo.svg,,IND,Pacers,Indiana,https://cdn.nba.com/logos/nba/1610612754/global/L/logo.svg,
20260826,20270119,401910370,1,Jan 19,2027-01-20T00:00Z,Scotiabank Arena,TOR,Raptors,Toronto,https://cdn.nba.com/logos/nba/1610612761/global/L/logo.svg,,CHI,Bulls,Chicago,https://cdn.nba.com/logos/nba/1610612741/global/L/logo.svg,
20260826,20270119,401910371,1,Jan 19,2027-01-20T00:30Z,Kaseya Center,MIA,Heat,Miami,https://cdn.nba.com/logos/nba/1610612748/global/L/logo.svg,,POR,Trail Blazers,Portland,https://cdn.nba.com/logos/nba/1610612757/global/L/logo.svg,
20260826,20270119,401910372,1,Jan 19,2027-01-20T01:00Z,American Airlines Center,DAL,Mavericks,Dallas,https://cdn.nba.com/logos/nba/1610612742/global/L/logo.svg,,CHA,Hornets,Charlotte,https://cdn.nba.com/logos/nba/1610612766/global/L/logo.svg,
20260826,20270119,401910373,1,Jan 19,2027-01-20T03:00Z,Ball Arena,DEN,Nuggets,Denver,https://cdn.nba.com/logos/nba/1610612743/global/L/logo.svg,,UTAH,Jazz,Utah,https://a.espncdn.com/i/teamlogos/nba/500/scoreboard/utah.png,
20260826,20270119,401910374,1,Jan 19,2027-01-20T03:00Z,Golden 1 Center,SAC,Kings,Sacramento,https://cdn.nba.com/logos/nba/1610612758/global/L/logo.svg,,LAL,Lakers,Los Angeles,https://cdn.nba.com/logos/nba/1610612747/global/L/logo.svg,
20260826,20270120,401910375,1,Jan 20,2027-01-21T00:00Z,State Farm Arena,ATL,Hawks,Atlanta,https://cdn.nba.com/logos/nba/1610612737/global/L/logo.svg,,POR,Trail Blazers,Portland,https://cdn.nba.com/logos/nba/1610612757/global/L/logo.svg,
20260826,20270120,401910376,1,Jan 20,2027-01-21T00:00Z,Barclays Center,BKN,Nets,Brooklyn,https://cdn.nba.com/logos/nba/1610612751/global/L/logo.svg,,CHI,Bulls,Chicago,https://cdn.nba.com/logos/nba/1610612741/global/L/logo.svg,
20260826,20270120,401910377,1,Jan 20,2027-01-21T00:30Z,TD Garden,BOS,Celtics,Boston,https://cdn.nba.com/logos/nba/1610612738/global/L/logo.svg,,IND,Pacers,Indiana,https://cdn.nba.com/logos/nba/1610612754/global/L/logo.svg,
20260826,20270120,401910378,1,Jan 20,2027-01-21T00:30Z,Madison Square Garden,NYK,Knicks,New York,https://cdn.nba.com/logos/nba/1610612752/global/L/logo.svg,,TOR,Raptors,Toronto,https://cdn.nba.com/logos/nba/1610612761/global/L/logo.svg,
20260826,20270120,401910379,1,Jan 20,2027-01-21T01:00Z,Target Center,MIN,Timberwolves,Minnesota,https://cdn.nba.com/logos/nba/1610612750/global/L/logo.svg,,HOU,Rockets,Houston,https://cdn.nba.com/logos/nba/1610612745/global/L/logo.svg,
20260826,20270120,401910380,1,Jan 20,2027-01-21T01:00Z,Smoothie King Center,NOP,Pelicans,New Orleans,https://cdn.nba.com/logos/nba/1610612740/global/L/logo.svg,,OKC,Thunder,Oklahoma City,https://cdn.nba.com/logos/nba/1610612760/global/L/logo.svg,
20260826,20270120,401910381,1,Jan 20,2027-01-21T02:00Z,Mortgage Matchup Center,PHX,Suns,Phoenix,https://cdn.nba.com/logos/nba/1610612756/global/L/logo.svg,,MEM,Grizzlies,Memphis,https://cdn.nba.com/logos/nba/1610612763/global/L/logo.svg,
20260826,20270120,401910382,1,Jan 20,2027-01-21T02:00Z,Delta Center,UTAH,Jazz,Utah,https://a.espncdn.com/i/teamlogos/nba/500/scoreboard/utah.png,,LAC,Clippers,LA,https://cdn.nba.com/logos/nba/1610612746/global/L/logo.svg,
20260826,20270120,401910383,1,Jan 20,2027-01-21T02:30Z,Frost Bank Center,SAS,Spurs,San Antonio,https://cdn.nba.com/logos/nba/1610612759/global/L/logo.svg,,MIA,Heat,Miami,https://cdn.nba.com/logos/nba/1610612748/global/L/logo.svg,
20260826,20270120,401910384,1,Jan 20,2027-01-21T03:00Z,Golden 1 Center,SAC,Kings,Sacramento,https://cdn.nba.com/logos/nba/1610612758/global/L/logo.svg,,MIL,Bucks,Milwaukee,https://cdn.nba.com/logos/nba/1610612749/global/L/logo.svg,
20260826,20270121,401910385,1,Jan 21,2027-01-22T00:30Z,TD Garden,BOS,Celtics,Boston,https://cdn.nba.com/logos/nba/1610612738/global/L/logo.svg,,PHI,76ers,Philadelphia,https://cdn.nba.com/logos/nba/1610612755/global/L/logo.svg,
20260826,20270121,401910386,1,Jan 21,2027-01-22T00:30Z,Barclays Center,BKN,Nets,Brooklyn,https://cdn.nba.com/logos/nba/1610612751/global/L/logo.svg,,CLE,Cavaliers,Cleveland,https://cdn.nba.com/logos/nba/1610612739/global/L/logo.svg,
20260826,20270121,401910387,1,Jan 21,2027-01-22T02:00Z,Ball Arena,DEN,Nuggets,Denver,https://cdn.nba.com/logos/nba/1610612743/global/L/logo.svg,,WAS,Wizards,Washington,https://cdn.nba.com/logos/nba/1610612764/global/L/logo.svg,
20260826,20270121,401910388,1,Jan 21,2027-01-22T03:00Z,Chase Center,GSW,Warriors,Golden State,https://cdn.nba.com/logos/nba/1610612744/global/L/logo.svg,,LAL,Lakers,Los Angeles,https://cdn.nba.com/logos/nba/1610612747/global/L/logo.svg,
20260826,20270122,401910389,1,Jan 22,2027-01-23T00:00Z,State Farm Arena,ATL,Hawks,Atlanta,https://cdn.nba.com/logos/nba/1610612737/global/L/logo.svg,,NYK,Knicks,New York,https://cdn.nba.com/logos/nba/1610612752/global/L/logo.svg,
20260826,20270122,401910390,1,Jan 22,2027-01-23T00:00Z,Spectrum Center,CHA,Hornets,Charlotte,https://cdn.nba.com/logos/nba/1610612766/global/L/logo.svg,,HOU,Rockets,Houston,https://cdn.nba.com/logos/nba/1610612745/global/L/logo.svg,
20260826,20270122,401910391,1,Jan 22,2027-01-23T00:00Z,Kia Center,ORL,Magic,Orlando,https://cdn.nba.com/logos/nba/1610612753/global/L/logo.svg,,POR,Trail Blazers,Portland,https://cdn.nba.com/logos/nba/1610612757/global/L/logo.svg,
20260826,20270122,401910392,1,Jan 22,2027-01-23T00:30Z,Little Caesars Arena,DET,Pistons,Detroit,https://cdn.nba.com/logos/nba/1610612765/global/L/logo.svg,,IND,Pacers,Indiana,https://cdn.nba.com/logos/nba/1610612754/global/L/logo.svg,
20260826,20270122,401910393,1,Jan 22,2027-01-23T01:00Z,Smoothie King Center,NOP,Pelicans,New Orleans,https://cdn.nba.com/logos/nba/1610612740/global/L/logo.svg,,DAL,Mavericks,Dallas,https://cdn.nba.com/logos/nba/1610612742/global/L/logo.svg,
20260826,20270122,401910394,1,Jan 22,2027-01-23T01:00Z,Paycom Center,OKC,Thunder,Oklahoma City,https://cdn.nba.com/logos/nba/1610612760/global/L/logo.svg,,MEM,Grizzlies,Memphis,https://cdn.nba.com/logos/nba/1610612763/global/L/logo.svg,
20260826,20270122,401910395,1,Jan 22,2027-01-23T02:00Z,Mortgage Matchup Center,PHX,Suns,Phoenix,https://cdn.nba.com/logos/nba/1610612756/global/L/logo.svg,,UTAH,Jazz,Utah,https://a.espncdn.com/i/teamlogos/nba/500/scoreboard/utah.png,
20260826,20270122,401910396,1,Jan 22,2027-01-23T02:30Z,Frost Bank Center,SAS,Spurs,San Antonio,https://cdn.nba.com/logos/nba/1610612759/global/L/logo.svg,,MIN,Timberwolves,Minnesota,https://cdn.nba.com/logos/nba/1610612750/global/L/logo.svg,
20260826,20270122,401910397,1,Jan 22,2027-01-23T03:00Z,Chase Center,GSW,Warriors,Golden State,https://cdn.nba.com/logos/nba/1610612744/global/L/logo.svg,,MIL,Bucks,Milwaukee,https://cdn.nba.com/logos/nba/1610612749/global/L/logo.svg,
20260826,20270122,401910398,1,Jan 22,2027-01-23T03:00Z,crypto.com Arena,LAL,Lakers,Los Angeles,https://cdn.nba.com/logos/nba/1610612747/global/L/logo.svg,,SAC,Kings,Sacramento,https://cdn.nba.com/logos/nba/1610612758/global/L/logo.svg,
20260826,20270122,401910399,1,Jan 22,2027-01-23T03:30Z,Intuit Dome,LAC,Clippers,LA,https://cdn.nba.com/logos/nba/1610612746/global/L/logo.svg,,WAS,Wizards,Washington,https://cdn.nba.com/logos/nba/1610612764/global/L/logo.svg,
20260826,20270123,401910400,1,Jan 23,2027-01-23T22:00Z,United Center,CHI,Bulls,Chicago,https://cdn.nba.com/logos/nba/1610612741/global/L/logo.svg,,PHI,76ers,Philadelphia,https://cdn.nba.com/logos/nba/1610612755/global/L/logo.svg,
20260826,20270123,401910401,1,Jan 23,2027-01-23T23:00Z,Barclays Center,BKN,Nets,Brooklyn,https://cdn.nba.com/logos/nba/1610612751/global/L/logo.svg,,TOR,Raptors,Toronto,https://cdn.nba.com/logos/nba/1610612761/global/L/logo.svg,
20260826,20270123,401910402,1,Jan 23,2027-01-24T00:00Z,TD Garden,BOS,Celtics,Boston,https://cdn.nba.com/logos/nba/1610612738/global/L/logo.svg,,CHA,Hornets,Charlotte,https://cdn.nba.com/logos/nba/1610612766/global/L/logo.svg,
20260826,20270123,401910403,1,Jan 23,2027-01-24T01:00Z,Kaseya Center,MIA,Heat,Miami,https://cdn.nba.com/logos/nba/1610612748/global/L/logo.svg,,ATL,Hawks,Atlanta,https://cdn.nba.com/logos/nba/1610612737/global/L/logo.svg,
20260826,20270123,401910404,1,Jan 23,2027-01-24T01:00Z,American Airlines Center,DAL,Mavericks,Dallas,https://cdn.nba.com/logos/nba/1610612742/global/L/logo.svg,,CLE,Cavaliers,Cleveland,https://cdn.nba.com/logos/nba/1610612739/global/L/logo.svg,
20260826,20270123,401910405,1,Jan 23,2027-01-24T02:00Z,Ball Arena,DEN,Nuggets,Denver,https://cdn.nba.com/logos/nba/1610612743/global/L/logo.svg,,MIL,Bucks,Milwaukee,https://cdn.nba.com/logos/nba/1610612749/global/L/logo.svg,
20260826,20270124,401910406,1,Jan 24,2027-01-24T20:30Z,Frost Bank Center,SAS,Spurs,San Antonio,https://cdn.nba.com/logos/nba/1610612759/global/L/logo.svg,,POR,Trail Blazers,Portland,https://cdn.nba.com/logos/nba/1610612757/global/L/logo.svg,
20260826,20270124,401910407,1,Jan 24,2027-01-24T21:00Z,Mortgage Matchup Center,PHX,Suns,Phoenix,https://cdn.nba.com/logos/nba/1610612756/global/L/logo.svg,,UTAH,Jazz,Utah,https://a.espncdn.com/i/teamlogos/nba/500/scoreboard/utah.png,
20260826,20270124,401910408,1,Jan 24,2027-01-24T21:00Z,crypto.com Arena,LAL,Lakers,Los Angeles,https://cdn.nba.com/logos/nba/1610612747/global/L/logo.svg,,WAS,Wizards,Washington,https://cdn.nba.com/logos/nba/1610612764/global/L/logo.svg,
20260826,20270124,401910409,1,Jan 24,2027-01-24T23:00Z,Little Caesars Arena,DET,Pistons,Detroit,https://cdn.nba.com/logos/nba/1610612765/global/L/logo.svg,,MIN,Timberwolves,Minnesota,https://cdn.nba.com/logos/nba/1610612750/global/L/logo.svg,
20260826,20270124,401910410,1,Jan 24,2027-01-24T23:00Z,Kia Center,ORL,Magic,Orlando,https://cdn.nba.com/logos/nba/1610612753/global/L/logo.svg,,HOU,Rockets,Houston,https://cdn.nba.com/logos/nba/1610612745/global/L/logo.svg,
20260826,20270124,401910411,1,Jan 24,2027-01-25T00:00Z,Madison Square Garden,NYK,Knicks,New York,https://cdn.nba.com/logos/nba/1610612752/global/L/logo.svg,,LAC,Clippers,LA,https://cdn.nba.com/logos/nba/1610612746/global/L/logo.svg,
20260826,20270124,401910412,1,Jan 24,2027-01-25T01:30Z,Chase Center,GSW,Warriors,Golden State,https://cdn.nba.com/logos/nba/1610612744/global/L/logo.svg,,OKC,Thunder,Oklahoma City,https://cdn.nba.com/logos/nba/1610612760/global/L/logo.svg,
20260826,20270125,401910413,1,Jan 25,2027-01-26T00:00Z,TD Garden,BOS,Celtics,Boston,https://cdn.nba.com/logos/nba/1610612738/global/L/logo.svg,,TOR,Raptors,Toronto,https://cdn.nba.com/logos/nba/1610612761/global/L/logo.svg,
20260826,20270125,401910414,1,Jan 25,2027-01-26T00:00Z,Spectrum Center,CHA,Hornets,Charlotte,https://cdn.nba.com/logos/nba/1610612766/global/L/logo.svg,,ORL,Magic,Orlando,https://cdn.nba.com/logos/nba/1610612753/global/L/logo.svg,
20260826,20270125,401910415,1,Jan 25,2027-01-26T00:00Z,Xfinity Mobile Arena,PHI,76ers,Philadelphia,https://cdn.nba.com/logos/nba/1610612755/global/L/logo.svg,,LAC,Clippers,LA,https://cdn.nba.com/logos/nba/1610612746/global/L/logo.svg,
20260826,20270125,401910416,1,Jan 25,2027-01-26T00:30Z,Barclays Center,BKN,Nets,Brooklyn,https://cdn.nba.com/logos/nba/1610612751/global/L/logo.svg,,MIA,Heat,Miami,https://cdn.nba.com/logos/nba/1610612748/global/L/logo.svg,
20260826,20270125,401910417,1,Jan 25,2027-01-26T01:00Z,United Center,CHI,Bulls,Chicago,https://cdn.nba.com/logos/nba/1610612741/global/L/logo.svg,,DAL,Mavericks,Dallas,https://cdn.nba.com/logos/nba/1610612742/global/L/logo.svg,
20260826,20270125,401910418,1,Jan 25,2027-01-26T01:00Z,FedExForum,MEM,Grizzlies,Memphis,https://cdn.nba.com/logos/nba/1610612763/global/L/logo.svg,,MIN,Timberwolves,Minnesota,https://cdn.nba.com/logos/nba/1610612750/global/L/logo.svg,
20260826,20270125,401910419,1,Jan 25,2027-01-26T01:00Z,Smoothie King Center,NOP,Pelicans,New Orleans,https://cdn.nba.com/logos/nba/1610612740/global/L/logo.svg,,CLE,Cavaliers,Cleveland,https://cdn.nba.com/logos/nba/1610612739/global/L/logo.svg,
20260826,20270125,401910420,1,Jan 25,2027-01-26T02:30Z,Ball Arena,DEN,Nuggets,Denver,https://cdn.nba.com/logos/nba/1610612743/global/L/logo.svg,,SAC,Kings,Sacramento,https://cdn.nba.com/logos/nba/1610612758/global/L/logo.svg,
20260826,20270126,401910421,1,Jan 26,2027-01-27T00:00Z,Little Caesars Arena,DET,Pistons,Detroit,https://cdn.nba.com/logos/nba/1610612765/global/L/logo.svg,,ATL,Hawks,Atlanta,https://cdn.nba.com/logos/nba/1610612737/global/L/logo.svg,
20260826,20270126,401910422,1,Jan 26,2027-01-27T00:00Z,Gainbridge Fieldhouse,IND,Pacers,Indiana,https://cdn.nba.com/logos/nba/1610612754/global/L/logo.svg,,CHI,Bulls,Chicago,https://cdn.nba.com/logos/nba/1610612741/global/L/logo.svg,
20260826,20270126,401910423,1,Jan 26,2027-01-27T00:30Z,Madison Square Garden,NYK,Knicks,New York,https://cdn.nba.com/logos/nba/1610612752/global/L/logo.svg,,PHX,Suns,Phoenix,https://cdn.nba.com/logos/nba/1610612756/global/L/logo.svg,
20260826,20270126,401910424,1,Jan 26,2027-01-27T01:00Z,Frost Bank Center,SAS,Spurs,San Antonio,https://cdn.nba.com/logos/nba/1610612759/global/L/logo.svg,,HOU,Rockets,Houston,https://cdn.nba.com/logos/nba/1610612745/global/L/logo.svg,
20260826,20270126,401910425,1,Jan 26,2027-01-27T02:00Z,Delta Center,UTAH,Jazz,Utah,https://a.espncdn.com/i/teamlogos/nba/500/scoreboard/utah.png,,MIL,Bucks,Milwaukee,https://cdn.nba.com/logos/nba/1610612749/global/L/logo.svg,
20260826,20270126,401910426,1,Jan 26,2027-01-27T03:00Z,Moda Center,POR,Trail Blazers,Portland,https://cdn.nba.com/logos/nba/1610612757/global/L/logo.svg,,WAS,Wizards,Washington,https://cdn.nba.com/logos/nba/1610612764/global/L/logo.svg,
20260826,20270126,401910427,1,Jan 26,2027-01-27T04:00Z,crypto.com Arena,LAL,Lakers,Los Angeles,https://cdn.nba.com/logos/nba/1610612747/global/L/logo.svg,,OKC,Thunder,Oklahoma City,https://cdn.nba.com/logos/nba/1610612760/global/L/logo.svg,
20260826,20270127,401910428,1,Jan 27,2027-01-28T00:00Z,Rocket Arena,CLE,Cavaliers,Cleveland,https://cdn.nba.com/logos/nba/1610612739/global/L/logo.svg,,DET,Pistons,Detroit,https://cdn.nba.com/logos/nba/1610612765/global/L/logo.svg,
20260826,20270127,401910429,1,Jan 27,2027-01-28T00:00Z,Xfinity Mobile Arena,PHI,76ers,Philadelphia,https://cdn.nba.com/logos/nba/1610612755/global/L/logo.svg,,SAC,Kings,Sacramento,https://cdn.nba.com/logos/nba/1610612758/global/L/logo.svg,
20260826,20270127,401910430,1,Jan 27,2027-01-28T00:30Z,TD Garden,BOS,Celtics,Boston,https://cdn.nba.com/logos/nba/1610612738/global/L/logo.svg,,LAC,Clippers,LA,https://cdn.nba.com/logos/nba/1610612746/global/L/logo.svg,
20260826,20270127,401910431,1,Jan 27,2027-01-28T00:30Z,Barclays Center,BKN,Nets,Brooklyn,https://cdn.nba.com/logos/nba/1610612751/global/L/logo.svg,,PHX,Suns,Phoenix,https://cdn.nba.com/logos/nba/1610612756/global/L/logo.svg,
20260826,20270127,401910432,1,Jan 27,2027-01-28T00:30Z,Scotiabank Arena,TOR,Raptors,Toronto,https://cdn.nba.com/logos/nba/1610612761/global/L/logo.svg,,DAL,Mavericks,Dallas,https://cdn.nba.com/logos/nba/1610612742/global/L/logo.svg,
20260826,20270127,401910433,1,Jan 27,2027-01-28T01:00Z,Frost Bank Center,SAS,Spurs,San Antonio,https://cdn.nba.com/logos/nba/1610612759/global/L/logo.svg,,CHA,Hornets,Charlotte,https://cdn.nba.com/logos/nba/1610612766/global/L/logo.svg,
20260826,20270127,401910434,1,Jan 27,2027-01-28T01:30Z,Toyota Center (Houston),HOU,Rockets,Houston,https://cdn.nba.com/logos/nba/1610612745/global/L/logo.svg,,NOP,Pelicans,New Orleans,https://cdn.nba.com/logos/nba/1610612740/global/L/logo.svg,
20260826,20270127,401910435,1,Jan 27,2027-01-28T02:30Z,Target Center,MIN,Timberwolves,Minnesota,https://cdn.nba.com/logos/nba/1610612750/global/L/logo.svg,,DEN,Nuggets,Denver,https://cdn.nba.com/logos/nba/1610612743/global/L/logo.svg,
20260826,20270127,401910436,1,Jan 27,2027-01-28T03:00Z,Moda Center,POR,Trail Blazers,Portland,https://cdn.nba.com/logos/nba/1610612757/global/L/logo.svg,,GSW,Warriors,Golden State,https://cdn.nba.com/logos/nba/1610612744/global/L/logo.svg,
20260826,20270128,401910437,1,Jan 28,2027-01-29T00:00Z,Gainbridge Fieldhouse,IND,Pacers,Indiana,https://cdn.nba.com/logos/nba/1610612754/global/L/logo.svg,,LAL,Lakers,Los Angeles,https://cdn.nba.com/logos/nba/1610612747/global/L/logo.svg,
20260826,20270128,401910438,1,Jan 28,2027-01-29T00:00Z,Madison Square Garden,NYK,Knicks,New York,https://cdn.nba.com/logos/nba/1610612752/global/L/logo.svg,,ATL,Hawks,Atlanta,https://cdn.nba.com/logos/nba/1610612737/global/L/logo.svg,
20260826,20270128,401910439,1,Jan 28,2027-01-29T00:00Z,Kia Center,ORL,Magic,Orlando,https://cdn.nba.com/logos/nba/1610612753/global/L/logo.svg,,CHI,Bulls,Chicago,https://cdn.nba.com/logos/nba/1610612741/global/L/logo.svg,
20260826,20270128,401910440,1,Jan 28,2027-01-29T00:00Z,Capital One Arena,WAS,Wizards,Washington,https://cdn.nba.com/logos/nba/1610612764/global/L/logo.svg,,SAC,Kings,Sacramento,https://cdn.nba.com/logos/nba/1610612758/global/L/logo.svg,
20260826,20270128,401910441,1,Jan 28,2027-01-29T01:00Z,Smoothie King Center,NOP,Pelicans,New Orleans,https://cdn.nba.com/logos/nba/1610612740/global/L/logo.svg,,PHI,76ers,Philadelphia,https://cdn.nba.com/logos/nba/1610612755/global/L/logo.svg,
20260826,20270128,401910442,1,Jan 28,2027-01-29T01:00Z,Paycom Center,OKC,Thunder,Oklahoma City,https://cdn.nba.com/logos/nba/1610612760/global/L/logo.svg,,MEM,Grizzlies,Memphis,https://cdn.nba.com/logos/nba/1610612763/global/L/logo.svg,
20260826,20270128,401910443,1,Jan 28,2027-01-29T02:00Z,Delta Center,UTAH,Jazz,Utah,https://a.espncdn.com/i/teamlogos/nba/500/scoreboard/utah.png,,GSW,Warriors,Golden State,https://cdn.nba.com/logos/nba/1610612744/global/L/logo.svg,
20260826,20270128,401910444,1,Jan 28,2027-01-29T02:30Z,Fiserv Forum,MIL,Bucks,Milwaukee,https://cdn.nba.com/logos/nba/1610612749/global/L/logo.svg,,MIA,Heat,Miami,https://cdn.nba.com/logos/nba/1610612748/global/L/logo.svg,
20260826,20270129,401910445,1,Jan 29,2027-01-30T00:00Z,Scotiabank Arena,TOR,Raptors,Toronto,https://cdn.nba.com/logos/nba/1610612761/global/L/logo.svg,,CLE,Cavaliers,Cleveland,https://cdn.nba.com/logos/nba/1610612739/global/L/logo.svg,
20260826,20270129,401910446,1,Jan 29,2027-01-30T00:30Z,TD Garden,BOS,Celtics,Boston,https://cdn.nba.com/logos/nba/1610612738/global/L/logo.svg,,PHX,Suns,Phoenix,https://cdn.nba.com/logos/nba/1610612756/global/L/logo.svg,
20260826,20270129,401910447,1,Jan 29,2027-01-30T00:30Z,Barclays Center,BKN,Nets,Brooklyn,https://cdn.nba.com/logos/nba/1610612751/global/L/logo.svg,,LAC,Clippers,LA,https://cdn.nba.com/logos/nba/1610612746/global/L/logo.svg,
20260826,20270129,401910448,1,Jan 29,2027-01-30T01:00Z,American Airlines Center,DAL,Mavericks,Dallas,https://cdn.nba.com/logos/nba/1610612742/global/L/logo.svg,,DET,Pistons,Detroit,https://cdn.nba.com/logos/nba/1610612765/global/L/logo.svg,
20260826,20270129,401910449,1,Jan 29,2027-01-30T01:30Z,Toyota Center (Houston),HOU,Rockets,Houston,https://cdn.nba.com/logos/nba/1610612745/global/L/logo.svg,,ORL,Magic,Orlando,https://cdn.nba.com/logos/nba/1610612753/global/L/logo.svg,
20260826,20270129,401910450,1,Jan 29,2027-01-30T02:30Z,Target Center,MIN,Timberwolves,Minnesota,https://cdn.nba.com/logos/nba/1610612750/global/L/logo.svg,,CHA,Hornets,Charlotte,https://cdn.nba.com/logos/nba/1610612766/global/L/logo.svg,
20260826,20270130,401910451,1,Jan 30,2027-01-30T17:30Z,Kaseya Center,MIA,Heat,Miami,https://cdn.nba.com/logos/nba/1610612748/global/L/logo.svg,,PHI,76ers,Philadelphia,https://cdn.nba.com/logos/nba/1610612755/global/L/logo.svg,
20260826,20270130,401910452,1,Jan 30,2027-01-30T20:00Z,Paycom Center,OKC,Thunder,Oklahoma City,https://cdn.nba.com/logos/nba/1610612760/global/L/logo.svg,,DEN,Nuggets,Denver,https://cdn.nba.com/logos/nba/1610612743/global/L/logo.svg,
20260826,20270130,401910453,1,Jan 30,2027-01-30T22:30Z,Chase Center,GSW,Warriors,Golden State,https://cdn.nba.com/logos/nba/1610612744/global/L/logo.svg,,SAS,Spurs,San Antonio,https://cdn.nba.com/logos/nba/1610612759/global/L/logo.svg,
20260826,20270130,401910454,1,Jan 30,2027-01-31T00:00Z,Gainbridge Fieldhouse,IND,Pacers,Indiana,https://cdn.nba.com/logos/nba/1610612754/global/L/logo.svg,,WAS,Wizards,Washington,https://cdn.nba.com/logos/nba/1610612764/global/L/logo.svg,
20260826,20270130,401910455,1,Jan 30,2027-01-31T00:30Z,Rocket Arena,CLE,Cavaliers,Cleveland,https://cdn.nba.com/logos/nba/1610612739/global/L/logo.svg,,NOP,Pelicans,New Orleans,https://cdn.nba.com/logos/nba/1610612740/global/L/logo.svg,
20260826,20270130,401910456,1,Jan 30,2027-01-31T01:00Z,Fiserv Forum,MIL,Bucks,Milwaukee,https://cdn.nba.com/logos/nba/1610612749/global/L/logo.svg,,ATL,Hawks,Atlanta,https://cdn.nba.com/logos/nba/1610612737/global/L/logo.svg,
20260826,20270130,401910457,1,Jan 30,2027-01-31T01:30Z,Madison Square Garden,NYK,Knicks,New York,https://cdn.nba.com/logos/nba/1610612752/global/L/logo.svg,,LAL,Lakers,Los Angeles,https://cdn.nba.com/logos/nba/1610612747/global/L/logo.svg,
20260826,20270130,401910458,1,Jan 30,2027-01-31T02:30Z,Delta Center,UTAH,Jazz,Utah,https://a.espncdn.com/i/teamlogos/nba/500/scoreboard/utah.png,,MEM,Grizzlies,Memphis,https://cdn.nba.com/logos/nba/1610612763/global/L/logo.svg,
20260826,20270131,401910459,1,Jan 31,2027-01-31T20:00Z,Little Caesars Arena,DET,Pistons,Detroit,https://cdn.nba.com/logos/nba/1610612765/global/L/logo.svg,,SAC,Kings,Sacramento,https://cdn.nba.com/logos/nba/1610612758/global/L/logo.svg,
20260826,20270131,401910460,1,Jan 31,2027-01-31T23:00Z,Kia Center,ORL,Magic,Orlando,https://cdn.nba.com/logos/nba/1610612753/global/L/logo.svg,,BKN,Nets,Brooklyn,https://cdn.nba.com/logos/nba/1610612751/global/L/logo.svg,
20260826,20270131,401910461,1,Jan 31,2027-01-31T23:00Z,Scotiabank Arena,TOR,Raptors,Toronto,https://cdn.nba.com/logos/nba/1610612761/global/L/logo.svg,,BOS,Celtics,Boston,https://cdn.nba.com/logos/nba/1610612738/global/L/logo.svg,
20260826,20270131,401910462,1,Jan 31,2027-01-31T23:00Z,Target Center,MIN,Timberwolves,Minnesota,https://cdn.nba.com/logos/nba/1610612750/global/L/logo.svg,,PHX,Suns,Phoenix,https://cdn.nba.com/logos/nba/1610612756/global/L/logo.svg,
20260826,20270131,401910463,1,Jan 31,2027-01-31T23:00Z,Paycom Center,OKC,Thunder,Oklahoma City,https://cdn.nba.com/logos/nba/1610612760/global/L/logo.svg,,CHI,Bulls,Chicago,https://cdn.nba.com/logos/nba/1610612741/global/L/logo.svg,
20260826,20270131,401910464,1,Jan 31,2027-02-01T00:00Z,Spectrum Center,CHA,Hornets,Charlotte,https://cdn.nba.com/logos/nba/1610612766/global/L/logo.svg,,LAL,Lakers,Los Angeles,https://cdn.nba.com/logos/nba/1610612747/global/L/logo.svg,
20260826,20270131,401910465,1,Jan 31,2027-02-01T01:00Z,Ball Arena,DEN,Nuggets,Denver,https://cdn.nba.com/logos/nba/1610612743/global/L/logo.svg,,POR,Trail Blazers,Portland,https://cdn.nba.com/logos/nba/1610612757/global/L/logo.svg,
20260826,20270131,401910466,1,Jan 31,2027-02-01T01:30Z,American Airlines Center,DAL,Mavericks,Dallas,https://cdn.nba.com/logos/nba/1610612742/global/L/logo.svg,,HOU,Rockets,Houston,https://cdn.nba.com/logos/nba/1610612745/global/L/logo.svg,
20260826,20270201,401910467,1,Feb 01,2027-02-02T00:00Z,State Farm Arena,ATL,Hawks,Atlanta,https://cdn.nba.com/logos/nba/1610612737/global/L/logo.svg,,WAS,Wizards,Washington,https://cdn.nba.com/logos/nba/1610612764/global/L/logo.svg,
20260826,20270201,401910468,1,Feb 01,2027-02-02T00:00Z,Xfinity Mobile Arena,PHI,76ers,Philadelphia,https://cdn.nba.com/logos/nba/1610612755/global/L/logo.svg,,NOP,Pelicans,New Orleans,https://cdn.nba.com/logos/nba/1610612740/global/L/logo.svg,
20260826,20270201,401910469,1,Feb 01,2027-02-02T00:30Z,Barclays Center,BKN,Nets,Brooklyn,https://cdn.nba.com/logos/nba/1610612751/global/L/logo.svg,,NYK,Knicks,New York,https://cdn.nba.com/logos/nba/1610612752/global/L/logo.svg,
20260826,20270201,401910470,1,Feb 01,2027-02-02T00:30Z,Gainbridge Fieldhouse,IND,Pacers,Indiana,https://cdn.nba.com/logos/nba/1610612754/global/L/logo.svg,,MIA,Heat,Miami,https://cdn.nba.com/logos/nba/1610612748/global/L/logo.svg,
20260826,20270201,401910471,1,Feb 01,2027-02-02T01:00Z,Fiserv Forum,MIL,Bucks,Milwaukee,https://cdn.nba.com/logos/nba/1610612749/global/L/logo.svg,,MEM,Grizzlies,Memphis,https://cdn.nba.com/logos/nba/1610612763/global/L/logo.svg,
20260826,20270201,401910472,1,Feb 01,2027-02-02T02:00Z,Delta Center,UTAH,Jazz,Utah,https://a.espncdn.com/i/teamlogos/nba/500/scoreboard/utah.png,,CLE,Cavaliers,Cleveland,https://cdn.nba.com/logos/nba/1610612739/global/L/logo.svg,
20260826,20270201,401910473,1,Feb 01,2027-02-02T03:00Z,Chase Center,GSW,Warriors,Golden State,https://cdn.nba.com/logos/nba/1610612744/global/L/logo.svg,,SAS,Spurs,San Antonio,https://cdn.nba.com/logos/nba/1610612759/global/L/logo.svg,
20260826,20270202,401910474,1,Feb 02,2027-02-03T00:00Z,Little Caesars Arena,DET,Pistons,Detroit,https://cdn.nba.com/logos/nba/1610612765/global/L/logo.svg,,CHI,Bulls,Chicago,https://cdn.nba.com/logos/nba/1610612741/global/L/logo.svg,
20260826,20270202,401910475,1,Feb 02,2027-02-03T00:00Z,Kia Center,ORL,Magic,Orlando,https://cdn.nba.com/logos/nba/1610612753/global/L/logo.svg,,NOP,Pelicans,New Orleans,https://cdn.nba.com/logos/nba/1610612740/global/L/logo.svg,
20260826,20270202,401910476,1,Feb 02,2027-02-03T00:30Z,Kaseya Center,MIA,Heat,Miami,https://cdn.nba.com/logos/nba/1610612748/global/L/logo.svg,,CHA,Hornets,Charlotte,https://cdn.nba.com/logos/nba/1610612766/global/L/logo.svg,
20260826,20270202,401910477,1,Feb 02,2027-02-03T01:00Z,TD Garden,BOS,Celtics,Boston,https://cdn.nba.com/logos/nba/1610612738/global/L/logo.svg,,LAL,Lakers,Los Angeles,https://cdn.nba.com/logos/nba/1610612747/global/L/logo.svg,
20260826,20270202,401910478,1,Feb 02,2027-02-03T01:00Z,American Airlines Center,DAL,Mavericks,Dallas,https://cdn.nba.com/logos/nba/1610612742/global/L/logo.svg,,TOR,Raptors,Toronto,https://cdn.nba.com/logos/nba/1610612761/global/L/logo.svg,
20260826,20270202,401910479,1,Feb 02,2027-02-03T02:00Z,Ball Arena,DEN,Nuggets,Denver,https://cdn.nba.com/logos/nba/1610612743/global/L/logo.svg,,OKC,Thunder,Oklahoma City,https://cdn.nba.com/logos/nba/1610612760/global/L/logo.svg,
20260826,20270202,401910480,1,Feb 02,2027-02-03T03:30Z,Intuit Dome,LAC,Clippers,LA,https://cdn.nba.com/logos/nba/1610612746/global/L/logo.svg,,SAS,Spurs,San Antonio,https://cdn.nba.com/logos/nba/1610612759/global/L/logo.svg,
20260826,20270202,401910481,1,Feb 02,2027-02-03T04:00Z,Moda Center,POR,Trail Blazers,Portland,https://cdn.nba.com/logos/nba/1610612757/global/L/logo.svg,,MIN,Timberwolves,Minnesota,https://cdn.nba.com/logos/nba/1610612750/global/L/logo.svg,
20260826,20270203,401910482,1,Feb 03,2027-02-04T00:00Z,Little Caesars Arena,DET,Pistons,Detroit,https://cdn.nba.com/logos/nba/1610612765/global/L/logo.svg,,NYK,Knicks,New York,https://cdn.nba.com/logos/nba/1610612752/global/L/logo.svg,
20260826,20270203,401910483,1,Feb 03,2027-02-04T00:00Z,Gainbridge Fieldhouse,IND,Pacers,Indiana,https://cdn.nba.com/logos/nba/1610612754/global/L/logo.svg,,ATL,Hawks,Atlanta,https://cdn.nba.com/logos/nba/1610612737/global/L/logo.svg,
20260826,20270203,401910484,1,Feb 03,2027-02-04T01:00Z,FedExForum,MEM,Grizzlies,Memphis,https://cdn.nba.com/logos/nba/1610612763/global/L/logo.svg,,PHI,76ers,Philadelphia,https://cdn.nba.com/logos/nba/1610612755/global/L/logo.svg,
20260826,20270203,401910485,1,Feb 03,2027-02-04T02:00Z,Mortgage Matchup Center,PHX,Suns,Phoenix,https://cdn.nba.com/logos/nba/1610612756/global/L/logo.svg,,CLE,Cavaliers,Cleveland,https://cdn.nba.com/logos/nba/1610612739/global/L/logo.svg,
20260826,20270203,401910486,1,Feb 03,2027-02-04T02:30Z,Toyota Center (Houston),HOU,Rockets,Houston,https://cdn.nba.com/logos/nba/1610612745/global/L/logo.svg,,UTAH,Jazz,Utah,https://a.espncdn.com/i/teamlogos/nba/500/scoreboard/utah.png,
20260826,20270203,401910487,1,Feb 03,2027-02-04T03:30Z,Intuit Dome,LAC,Clippers,LA,https://cdn.nba.com/logos/nba/1610612746/global/L/logo.svg,,GSW,Warriors,Golden State,https://cdn.nba.com/logos/nba/1610612744/global/L/logo.svg,
20260826,20270204,401910488,1,Feb 04,2027-02-05T00:00Z,Capital One Arena,WAS,Wizards,Washington,https://cdn.nba.com/logos/nba/1610612764/global/L/logo.svg,,NOP,Pelicans,New Orleans,https://cdn.nba.com/logos/nba/1610612740/global/L/logo.svg,
20260826,20270204,401910489,1,Feb 04,2027-02-05T00:30Z,Barclays Center,BKN,Nets,Brooklyn,https://cdn.nba.com/logos/nba/1610612751/global/L/logo.svg,,LAL,Lakers,Los Angeles,https://cdn.nba.com/logos/nba/1610612747/global/L/logo.svg,
20260826,20270204,401910490,1,Feb 04,2027-02-05T00:30Z,Spectrum Center,CHA,Hornets,Charlotte,https://cdn.nba.com/logos/nba/1610612766/global/L/logo.svg,,BOS,Celtics,Boston,https://cdn.nba.com/logos/nba/1610612738/global/L/logo.svg,
20260826,20270204,401910491,1,Feb 04,2027-02-05T00:30Z,Kaseya Center,MIA,Heat,Miami,https://cdn.nba.com/logos/nba/1610612748/global/L/logo.svg,,MIL,Bucks,Milwaukee,https://cdn.nba.com/logos/nba/1610612749/global/L/logo.svg,
20260826,20270204,401910492,1,Feb 04,2027-02-05T00:30Z,Madison Square Garden,NYK,Knicks,New York,https://cdn.nba.com/logos/nba/1610612752/global/L/logo.svg,,TOR,Raptors,Toronto,https://cdn.nba.com/logos/nba/1610612761/global/L/logo.svg,
20260826,20270204,401910493,1,Feb 04,2027-02-05T01:00Z,United Center,CHI,Bulls,Chicago,https://cdn.nba.com/logos/nba/1610612741/global/L/logo.svg,,OKC,Thunder,Oklahoma City,https://cdn.nba.com/logos/nba/1610612760/global/L/logo.svg,
20260826,20270204,401910494,1,Feb 04,2027-02-05T01:00Z,Frost Bank Center,SAS,Spurs,San Antonio,https://cdn.nba.com/logos/nba/1610612759/global/L/logo.svg,,ORL,Magic,Orlando,https://cdn.nba.com/logos/nba/1610612753/global/L/logo.svg,
20260826,20270204,401910495,1,Feb 04,2027-02-05T03:00Z,Ball Arena,DEN,Nuggets,Denver,https://cdn.nba.com/logos/nba/1610612743/global/L/logo.svg,,DAL,Mavericks,Dallas,https://cdn.nba.com/logos/nba/1610612742/global/L/logo.svg,
20260826,20270204,401910496,1,Feb 04,2027-02-05T03:00Z,Moda Center,POR,Trail Blazers,Portland,https://cdn.nba.com/logos/nba/1610612757/global/L/logo.svg,,CLE,Cavaliers,Cleveland,https://cdn.nba.com/logos/nba/1610612739/global/L/logo.svg,
20260826,20270204,401910497,1,Feb 04,2027-02-05T03:00Z,Golden 1 Center,SAC,Kings,Sacramento,https://cdn.nba.com/logos/nba/1610612758/global/L/logo.svg,,MIN,Timberwolves,Minnesota,https://cdn.nba.com/logos/nba/1610612750/global/L/logo.svg,
20260826,20270205,401910498,1,Feb 05,2027-02-06T00:00Z,State Farm Arena,ATL,Hawks,Atlanta,https://cdn.nba.com/logos/nba/1610612737/global/L/logo.svg,,BOS,Celtics,Boston,https://cdn.nba.com/logos/nba/1610612738/global/L/logo.svg,
20260826,20270205,401910499,1,Feb 05,2027-02-06T00:00Z,Spectrum Center,CHA,Hornets,Charlotte,https://cdn.nba.com/logos/nba/1610612766/global/L/logo.svg,,GSW,Warriors,Golden State,https://cdn.nba.com/logos/nba/1610612744/global/L/logo.svg,
20260826,20270205,401910500,1,Feb 05,2027-02-06T00:00Z,Xfinity Mobile Arena,PHI,76ers,Philadelphia,https://cdn.nba.com/logos/nba/1610612755/global/L/logo.svg,,DET,Pistons,Detroit,https://cdn.nba.com/logos/nba/1610612765/global/L/logo.svg,
20260826,20270205,401910501,1,Feb 05,2027-02-06T02:00Z,Ball Arena,DEN,Nuggets,Denver,https://cdn.nba.com/logos/nba/1610612743/global/L/logo.svg,,LAC,Clippers,LA,https://cdn.nba.com/logos/nba/1610612746/global/L/logo.svg,
20260826,20270205,401910502,1,Feb 05,2027-02-06T02:00Z,Mortgage Matchup Center,PHX,Suns,Phoenix,https://cdn.nba.com/logos/nba/1610612756/global/L/logo.svg,,HOU,Rockets,Houston,https://cdn.nba.com/logos/nba/1610612745/global/L/logo.svg,
20260826,20270205,401910503,1,Feb 05,2027-02-06T02:30Z,Paycom Center,OKC,Thunder,Oklahoma City,https://cdn.nba.com/logos/nba/1610612760/global/L/logo.svg,,IND,Pacers,Indiana,https://cdn.nba.com/logos/nba/1610612754/global/L/logo.svg,
20260826,20270206,401910504,1,Feb 06,2027-02-06T20:00Z,American Airlines Center,DAL,Mavericks,Dallas,https://cdn.nba.com/logos/nba/1610612742/global/L/logo.svg,,UTAH,Jazz,Utah,https://a.espncdn.com/i/teamlogos/nba/500/scoreboard/utah.png,
20260826,20270206,401910505,1,Feb 06,2027-02-06T20:00Z,Target Center,MIN,Timberwolves,Minnesota,https://cdn.nba.com/logos/nba/1610612750/global/L/logo.svg,,MIA,Heat,Miami,https://cdn.nba.com/logos/nba/1610612748/global/L/logo.svg,
20260826,20270206,401910506,1,Feb 06,2027-02-06T22:30Z,FedExForum,MEM,Grizzlies,Memphis,https://cdn.nba.com/logos/nba/1610612763/global/L/logo.svg,,POR,Trail Blazers,Portland,https://cdn.nba.com/logos/nba/1610612757/global/L/logo.svg,
20260826,20270206,401910507,1,Feb 06,2027-02-06T23:00Z,Barclays Center,BKN,Nets,Brooklyn,https://cdn.nba.com/logos/nba/1610612751/global/L/logo.svg,,WAS,Wizards,Washington,https://cdn.nba.com/logos/nba/1610612764/global/L/logo.svg,
20260826,20270206,401910508,1,Feb 06,2027-02-07T00:30Z,Rocket Arena,CLE,Cavaliers,Cleveland,https://cdn.nba.com/logos/nba/1610612739/global/L/logo.svg,,ORL,Magic,Orlando,https://cdn.nba.com/logos/nba/1610612753/global/L/logo.svg,
20260826,20270206,401910509,1,Feb 06,2027-02-07T00:30Z,Scotiabank Arena,TOR,Raptors,Toronto,https://cdn.nba.com/logos/nba/1610612761/global/L/logo.svg,,MIL,Bucks,Milwaukee,https://cdn.nba.com/logos/nba/1610612749/global/L/logo.svg,
20260826,20270206,401910510,1,Feb 06,2027-02-07T01:00Z,United Center,CHI,Bulls,Chicago,https://cdn.nba.com/logos/nba/1610612741/global/L/logo.svg,,NOP,Pelicans,New Orleans,https://cdn.nba.com/logos/nba/1610612740/global/L/logo.svg,
20260826,20270206,401910511,1,Feb 06,2027-02-07T01:30Z,Frost Bank Center,SAS,Spurs,San Antonio,https://cdn.nba.com/logos/nba/1610612759/global/L/logo.svg,,LAL,Lakers,Los Angeles,https://cdn.nba.com/logos/nba/1610612747/global/L/logo.svg,
20260826,20270206,401910512,1,Feb 06,2027-02-07T03:00Z,Golden 1 Center,SAC,Kings,Sacramento,https://cdn.nba.com/logos/nba/1610612758/global/L/logo.svg,,PHX,Suns,Phoenix,https://cdn.nba.com/logos/nba/1610612756/global/L/logo.svg,
20260826,20270207,401910513,1,Feb 07,2027-02-07T20:00Z,State Farm Arena,ATL,Hawks,Atlanta,https://cdn.nba.com/logos/nba/1610612737/global/L/logo.svg,,DEN,Nuggets,Denver,https://cdn.nba.com/logos/nba/1610612743/global/L/logo.svg,
20260826,20270207,401910514,1,Feb 07,2027-02-07T20:00Z,Little Caesars Arena,DET,Pistons,Detroit,https://cdn.nba.com/logos/nba/1610612765/global/L/logo.svg,,GSW,Warriors,Golden State,https://cdn.nba.com/logos/nba/1610612744/global/L/logo.svg,
20260826,20270207,401910515,1,Feb 07,2027-02-07T20:30Z,Target Center,MIN,Timberwolves,Minnesota,https://cdn.nba.com/logos/nba/1610612750/global/L/logo.svg,,UTAH,Jazz,Utah,https://a.espncdn.com/i/teamlogos/nba/500/scoreboard/utah.png,
20260826,20270207,401910516,1,Feb 07,2027-02-07T21:30Z,American Airlines Center,DAL,Mavericks,Dallas,https://cdn.nba.com/logos/nba/1610612742/global/L/logo.svg,,LAC,Clippers,LA,https://cdn.nba.com/logos/nba/1610612746/global/L/logo.svg,
20260826,20270207,401910517,1,Feb 07,2027-02-07T23:00Z,Scotiabank Arena,TOR,Raptors,Toronto,https://cdn.nba.com/logos/nba/1610612761/global/L/logo.svg,,CHA,Hornets,Charlotte,https://cdn.nba.com/logos/nba/1610612766/global/L/logo.svg,
20260826,20270207,401910518,1,Feb 07,2027-02-08T00:00Z,Xfinity Mobile Arena,PHI,76ers,Philadelphia,https://cdn.nba.com/logos/nba/1610612755/global/L/logo.svg,,BOS,Celtics,Boston,https://cdn.nba.com/logos/nba/1610612738/global/L/logo.svg,
20260826,20270207,401910519,1,Feb 07,2027-02-08T02:30Z,Paycom Center,OKC,Thunder,Oklahoma City,https://cdn.nba.com/logos/nba/1610612760/global/L/logo.svg,,NYK,Knicks,New York,https://cdn.nba.com/logos/nba/1610612752/global/L/logo.svg,
20260826,20270207,401910520,1,Feb 07,2027-02-08T03:30Z,Golden 1 Center,SAC,Kings,Sacramento,https://cdn.nba.com/logos/nba/1610612758/global/L/logo.svg,,HOU,Rockets,Houston,https://cdn.nba.com/logos/nba/1610612745/global/L/logo.svg,
20260826,20270208,401910521,1,Feb 08,2027-02-09T00:00Z,State Farm Arena,ATL,Hawks,Atlanta,https://cdn.nba.com/logos/nba/1610612737/global/L/logo.svg,,MIA,Heat,Miami,https://cdn.nba.com/logos/nba/1610612748/global/L/logo.svg,
20260826,20270208,401910522,1,Feb 08,2027-02-09T00:00Z,Gainbridge Fieldhouse,IND,Pacers,Indiana,https://cdn.nba.com/logos/nba/1610612754/global/L/logo.svg,,NOP,Pelicans,New Orleans,https://cdn.nba.com/logos/nba/1610612740/global/L/logo.svg,
20260826,20270208,401910523,1,Feb 08,2027-02-09T00:00Z,Xfinity Mobile Arena,PHI,76ers,Philadelphia,https://cdn.nba.com/logos/nba/1610612755/global/L/logo.svg,,BKN,Nets,Brooklyn,https://cdn.nba.com/logos/nba/1610612751/global/L/logo.svg,
20260826,20270208,401910524,1,Feb 08,2027-02-09T00:00Z,Capital One Arena,WAS,Wizards,Washington,https://cdn.nba.com/logos/nba/1610612764/global/L/logo.svg,,CHI,Bulls,Chicago,https://cdn.nba.com/logos/nba/1610612741/global/L/logo.svg,
20260826,20270208,401910525,1,Feb 08,2027-02-09T01:00Z,FedExForum,MEM,Grizzlies,Memphis,https://cdn.nba.com/logos/nba/1610612763/global/L/logo.svg,,POR,Trail Blazers,Portland,https://cdn.nba.com/logos/nba/1610612757/global/L/logo.svg,
20260826,20270208,401910526,1,Feb 08,2027-02-09T01:00Z,Fiserv Forum,MIL,Bucks,Milwaukee,https://cdn.nba.com/logos/nba/1610612749/global/L/logo.svg,,ORL,Magic,Orlando,https://cdn.nba.com/logos/nba/1610612753/global/L/logo.svg,
20260826,20270208,401910527,1,Feb 08,2027-02-09T02:30Z,Mortgage Matchup Center,PHX,Suns,Phoenix,https://cdn.nba.com/logos/nba/1610612756/global/L/logo.svg,,LAL,Lakers,Los Angeles,https://cdn.nba.com/logos/nba/1610612747/global/L/logo.svg,
20260826,20270209,401910528,1,Feb 09,2027-02-10T00:00Z,Rocket Arena,CLE,Cavaliers,Cleveland,https://cdn.nba.com/logos/nba/1610612739/global/L/logo.svg,,TOR,Raptors,Toronto,https://cdn.nba.com/logos/nba/1610612761/global/L/logo.svg,
20260826,20270209,401910529,1,Feb 09,2027-02-10T00:30Z,TD Garden,BOS,Celtics,Boston,https://cdn.nba.com/logos/nba/1610612738/global/L/logo.svg,,DEN,Nuggets,Denver,https://cdn.nba.com/logos/nba/1610612743/global/L/logo.svg,
20260826,20270209,401910530,1,Feb 09,2027-02-10T00:30Z,Barclays Center,BKN,Nets,Brooklyn,https://cdn.nba.com/logos/nba/1610612751/global/L/logo.svg,,MIN,Timberwolves,Minnesota,https://cdn.nba.com/logos/nba/1610612750/global/L/logo.svg,
20260826,20270209,401910531,1,Feb 09,2027-02-10T00:30Z,Madison Square Garden,NYK,Knicks,New York,https://cdn.nba.com/logos/nba/1610612752/global/L/logo.svg,,CHA,Hornets,Charlotte,https://cdn.nba.com/logos/nba/1610612766/global/L/logo.svg,
20260826,20270209,401910532,1,Feb 09,2027-02-10T01:00Z,United Center,CHI,Bulls,Chicago,https://cdn.nba.com/logos/nba/1610612741/global/L/logo.svg,,GSW,Warriors,Golden State,https://cdn.nba.com/logos/nba/1610612744/global/L/logo.svg,
20260826,20270209,401910533,1,Feb 09,2027-02-10T01:00Z,American Airlines Center,DAL,Mavericks,Dallas,https://cdn.nba.com/logos/nba/1610612742/global/L/logo.svg,,SAS,Spurs,San Antonio,https://cdn.nba.com/logos/nba/1610612759/global/L/logo.svg,
20260826,20270209,401910534,1,Feb 09,2027-02-10T01:00Z,Fiserv Forum,MIL,Bucks,Milwaukee,https://cdn.nba.com/logos/nba/1610612749/global/L/logo.svg,,SAC,Kings,Sacramento,https://cdn.nba.com/logos/nba/1610612758/global/L/logo.svg,
20260826,20270209,401910535,1,Feb 09,2027-02-10T01:00Z,Paycom Center,OKC,Thunder,Oklahoma City,https://cdn.nba.com/logos/nba/1610612760/global/L/logo.svg,,POR,Trail Blazers,Portland,https://cdn.nba.com/logos/nba/1610612757/global/L/logo.svg,
20260826,20270209,401910536,1,Feb 09,2027-02-10T03:00Z,Delta Center,UTAH,Jazz,Utah,https://a.espncdn.com/i/teamlogos/nba/500/scoreboard/utah.png,,HOU,Rockets,Houston,https://cdn.nba.com/logos/nba/1610612745/global/L/logo.svg,
20260826,20270209,401910537,1,Feb 09,2027-02-10T03:30Z,Intuit Dome,LAC,Clippers,LA,https://cdn.nba.com/logos/nba/1610612746/global/L/logo.svg,,DET,Pistons,Detroit,https://cdn.nba.com/logos/nba/1610612765/global/L/logo.svg,
20260826,20270210,401910538,1,Feb 10,2027-02-11T00:00Z,State Farm Arena,ATL,Hawks,Atlanta,https://cdn.nba.com/logos/nba/1610612737/global/L/logo.svg,,NOP,Pelicans,New Orleans,https://cdn.nba.com/logos/nba/1610612740/global/L/logo.svg,
20260826,20270210,401910539,1,Feb 10,2027-02-11T00:00Z,Gainbridge Fieldhouse,IND,Pacers,Indiana,https://cdn.nba.com/logos/nba/1610612754/global/L/logo.svg,,CLE,Cavaliers,Cleveland,https://cdn.nba.com/logos/nba/1610612739/global/L/logo.svg,
20260826,20270210,401910540,1,Feb 10,2027-02-11T00:00Z,Capital One Arena,WAS,Wizards,Washington,https://cdn.nba.com/logos/nba/1610612764/global/L/logo.svg,,MIA,Heat,Miami,https://cdn.nba.com/logos/nba/1610612748/global/L/logo.svg,
20260826,20270210,401910541,1,Feb 10,2027-02-11T00:30Z,TD Garden,BOS,Celtics,Boston,https://cdn.nba.com/logos/nba/1610612738/global/L/logo.svg,,GSW,Warriors,Golden State,https://cdn.nba.com/logos/nba/1610612744/global/L/logo.svg,
20260826,20270210,401910542,1,Feb 10,2027-02-11T01:00Z,FedExForum,MEM,Grizzlies,Memphis,https://cdn.nba.com/logos/nba/1610612763/global/L/logo.svg,,ORL,Magic,Orlando,https://cdn.nba.com/logos/nba/1610612753/global/L/logo.svg,
20260826,20270210,401910543,1,Feb 10,2027-02-11T02:00Z,Mortgage Matchup Center,PHX,Suns,Phoenix,https://cdn.nba.com/logos/nba/1610612756/global/L/logo.svg,,DET,Pistons,Detroit,https://cdn.nba.com/logos/nba/1610612765/global/L/logo.svg,
20260826,20270210,401910544,1,Feb 10,2027-02-11T03:00Z,crypto.com Arena,LAL,Lakers,Los Angeles,https://cdn.nba.com/logos/nba/1610612747/global/L/logo.svg,,LAC,Clippers,LA,https://cdn.nba.com/logos/nba/1610612746/global/L/logo.svg,
20260826,20270211,401910545,1,Feb 11,2027-02-12T00:00Z,Spectrum Center,CHA,Hornets,Charlotte,https://cdn.nba.com/logos/nba/1610612766/global/L/logo.svg,,MIL,Bucks,Milwaukee,https://cdn.nba.com/logos/nba/1610612749/global/L/logo.svg,
20260826,20270211,401910546,1,Feb 11,2027-02-12T00:00Z,Gainbridge Fieldhouse,IND,Pacers,Indiana,https://cdn.nba.com/logos/nba/1610612754/global/L/logo.svg,,UTAH,Jazz,Utah,https://a.espncdn.com/i/teamlogos/nba/500/scoreboard/utah.png,
20260826,20270211,401910547,1,Feb 11,2027-02-12T00:00Z,Xfinity Mobile Arena,PHI,76ers,Philadelphia,https://cdn.nba.com/logos/nba/1610612755/global/L/logo.svg,,NYK,Knicks,New York,https://cdn.nba.com/logos/nba/1610612752/global/L/logo.svg,
20260826,20270211,401910548,1,Feb 11,2027-02-12T01:00Z,American Airlines Center,DAL,Mavericks,Dallas,https://cdn.nba.com/logos/nba/1610612742/global/L/logo.svg,,POR,Trail Blazers,Portland,https://cdn.nba.com/logos/nba/1610612757/global/L/logo.svg,
20260826,20270211,401910549,1,Feb 11,2027-02-12T01:30Z,Toyota Center (Houston),HOU,Rockets,Houston,https://cdn.nba.com/logos/nba/1610612745/global/L/logo.svg,,SAC,Kings,Sacramento,https://cdn.nba.com/logos/nba/1610612758/global/L/logo.svg,
20260826,20270211,401910550,1,Feb 11,2027-02-12T02:00Z,Ball Arena,DEN,Nuggets,Denver,https://cdn.nba.com/logos/nba/1610612743/global/L/logo.svg,,CHI,Bulls,Chicago,https://cdn.nba.com/logos/nba/1610612741/global/L/logo.svg,
20260826,20270211,401910551,1,Feb 11,2027-02-12T02:30Z,Paycom Center,OKC,Thunder,Oklahoma City,https://cdn.nba.com/logos/nba/1610612760/global/L/logo.svg,,SAS,Spurs,San Antonio,https://cdn.nba.com/logos/nba/1610612759/global/L/logo.svg,
20260826,20270212,401910552,1,Feb 12,2027-02-13T00:00Z,State Farm Arena,ATL,Hawks,Atlanta,https://cdn.nba.com/logos/nba/1610612737/global/L/logo.svg,,PHX,Suns,Phoenix,https://cdn.nba.com/logos/nba/1610612756/global/L/logo.svg,
20260826,20270212,401910553,1,Feb 12,2027-02-13T00:00Z,Kia Center,ORL,Magic,Orlando,https://cdn.nba.com/logos/nba/1610612753/global/L/logo.svg,,MIA,Heat,Miami,https://cdn.nba.com/logos/nba/1610612748/global/L/logo.svg,
20260826,20270212,401910554,1,Feb 12,2027-02-13T00:00Z,Capital One Arena,WAS,Wizards,Washington,https://cdn.nba.com/logos/nba/1610612764/global/L/logo.svg,,BKN,Nets,Brooklyn,https://cdn.nba.com/logos/nba/1610612751/global/L/logo.svg,
20260826,20270212,401910555,1,Feb 12,2027-02-13T00:30Z,Scotiabank Arena,TOR,Raptors,Toronto,https://cdn.nba.com/logos/nba/1610612761/global/L/logo.svg,,CLE,Cavaliers,Cleveland,https://cdn.nba.com/logos/nba/1610612739/global/L/logo.svg,
20260826,20270212,401910556,1,Feb 12,2027-02-13T01:00Z,TD Garden,BOS,Celtics,Boston,https://cdn.nba.com/logos/nba/1610612738/global/L/logo.svg,,MIN,Timberwolves,Minnesota,https://cdn.nba.com/logos/nba/1610612750/global/L/logo.svg,
20260826,20270212,401910557,1,Feb 12,2027-02-13T01:00Z,FedExForum,MEM,Grizzlies,Memphis,https://cdn.nba.com/logos/nba/1610612763/global/L/logo.svg,,LAC,Clippers,LA,https://cdn.nba.com/logos/nba/1610612746/global/L/logo.svg,
20260826,20270212,401910558,1,Feb 12,2027-02-13T01:00Z,Smoothie King Center,NOP,Pelicans,New Orleans,https://cdn.nba.com/logos/nba/1610612740/global/L/logo.svg,,HOU,Rockets,Houston,https://cdn.nba.com/logos/nba/1610612745/global/L/logo.svg,
20260826,20270212,401910559,1,Feb 12,2027-02-13T03:30Z,crypto.com Arena,LAL,Lakers,Los Angeles,https://cdn.nba.com/logos/nba/1610612747/global/L/logo.svg,,DEN,Nuggets,Denver,https://cdn.nba.com/logos/nba/1610612743/global/L/logo.svg,
20260826,20270213,401910560,1,Feb 13,2027-02-13T19:00Z,Gainbridge Fieldhouse,IND,Pacers,Indiana,https://cdn.nba.com/logos/nba/1610612754/global/L/logo.svg,,SAC,Kings,Sacramento,https://cdn.nba.com/logos/nba/1610612758/global/L/logo.svg,
20260826,20270213,401910561,1,Feb 13,2027-02-13T20:00Z,Spectrum Center,CHA,Hornets,Charlotte,https://cdn.nba.com/logos/nba/1610612766/global/L/logo.svg,,DAL,Mavericks,Dallas,https://cdn.nba.com/logos/nba/1610612742/global/L/logo.svg,
20260826,20270213,401910562,1,Feb 13,2027-02-13T20:30Z,Moda Center,POR,Trail Blazers,Portland,https://cdn.nba.com/logos/nba/1610612757/global/L/logo.svg,,DET,Pistons,Detroit,https://cdn.nba.com/logos/nba/1610612765/global/L/logo.svg,
20260826,20270213,401910563,1,Feb 13,2027-02-13T22:30Z,Paycom Center,OKC,Thunder,Oklahoma City,https://cdn.nba.com/logos/nba/1610612760/global/L/logo.svg,,PHI,76ers,Philadelphia,https://cdn.nba.com/logos/nba/1610612755/global/L/logo.svg,
20260826,20270213,401910564,1,Feb 13,2027-02-14T00:00Z,Kia Center,ORL,Magic,Orlando,https://cdn.nba.com/logos/nba/1610612753/global/L/logo.svg,,SAS,Spurs,San Antonio,https://cdn.nba.com/logos/nba/1610612759/global/L/logo.svg,
20260826,20270213,401910565,1,Feb 13,2027-02-14T00:00Z,Capital One Arena,WAS,Wizards,Washington,https://cdn.nba.com/logos/nba/1610612764/global/L/logo.svg,,MIL,Bucks,Milwaukee,https://cdn.nba.com/logos/nba/1610612749/global/L/logo.svg,
20260826,20270213,401910566,1,Feb 13,2027-02-14T01:30Z,Madison Square Garden,NYK,Knicks,New York,https://cdn.nba.com/logos/nba/1610612752/global/L/logo.svg,,GSW,Warriors,Golden State,https://cdn.nba.com/logos/nba/1610612744/global/L/logo.svg,
20260826,20270214,401910567,1,Feb 14,2027-02-14T18:00Z,State Farm Arena,ATL,Hawks,Atlanta,https://cdn.nba.com/logos/nba/1610612737/global/L/logo.svg,,SAC,Kings,Sacramento,https://cdn.nba.com/logos/nba/1610612758/global/L/logo.svg,
20260826,20270214,401910568,1,Feb 14,2027-02-14T18:00Z,TD Garden,BOS,Celtics,Boston,https://cdn.nba.com/logos/nba/1610612738/global/L/logo.svg,,TOR,Raptors,Toronto,https://cdn.nba.com/logos/nba/1610612761/global/L/logo.svg,
20260826,20270214,401910569,1,Feb 14,2027-02-14T18:00Z,Rocket Arena,CLE,Cavaliers,Cleveland,https://cdn.nba.com/logos/nba/1610612739/global/L/logo.svg,,PHX,Suns,Phoenix,https://cdn.nba.com/logos/nba/1610612756/global/L/logo.svg,
20260826,20270214,401910570,1,Feb 14,2027-02-14T18:00Z,Kaseya Center,MIA,Heat,Miami,https://cdn.nba.com/logos/nba/1610612748/global/L/logo.svg,,BKN,Nets,Brooklyn,https://cdn.nba.com/logos/nba/1610612751/global/L/logo.svg,
20260826,20270214,401910571,1,Feb 14,2027-02-14T19:00Z,Toyota Center (Houston),HOU,Rockets,Houston,https://cdn.nba.com/logos/nba/1610612745/global/L/logo.svg,,DEN,Nuggets,Denver,https://cdn.nba.com/logos/nba/1610612743/global/L/logo.svg,
20260826,20270214,401910572,1,Feb 14,2027-02-14T19:00Z,Smoothie King Center,NOP,Pelicans,New Orleans,https://cdn.nba.com/logos/nba/1610612740/global/L/logo.svg,,LAC,Clippers,LA,https://cdn.nba.com/logos/nba/1610612746/global/L/logo.svg,
20260826,20270214,401910573,1,Feb 14,2027-02-14T20:30Z,Moda Center,POR,Trail Blazers,Portland,https://cdn.nba.com/logos/nba/1610612757/global/L/logo.svg,,CHI,Bulls,Chicago,https://cdn.nba.com/logos/nba/1610612741/global/L/logo.svg,
20260826,20270215,401909477,1,Feb 15,2027-02-15T17:00Z,Spectrum Center,CHA,Hornets,Charlotte,https://cdn.nba.com/logos/nba/1610612766/global/L/logo.svg,,MIN,Timberwolves,Minnesota,https://cdn.nba.com/logos/nba/1610612750/global/L/logo.svg,
20260826,20270215,401909478,1,Feb 15,2027-02-15T19:30Z,American Airlines Center,DAL,Mavericks,Dallas,https://cdn.nba.com/logos/nba/1610612742/global/L/logo.svg,,PHI,76ers,Philadelphia,https://cdn.nba.com/logos/nba/1610612755/global/L/logo.svg,
20260826,20270215,401909479,1,Feb 15,2027-02-15T22:00Z,Kaseya Center,MIA,Heat,Miami,https://cdn.nba.com/logos/nba/1610612748/global/L/logo.svg,,SAS,Spurs,San Antonio,https://cdn.nba.com/logos/nba/1610612759/global/L/logo.svg,
20260826,20270215,401910574,1,Feb 15,2027-02-16T00:00Z,Capital One Arena,WAS,Wizards,Washington,https://cdn.nba.com/logos/nba/1610612764/global/L/logo.svg,,PHX,Suns,Phoenix,https://cdn.nba.com/logos/nba/1610612756/global/L/logo.svg,
20260826,20270215,401909480,1,Feb 15,2027-02-16T00:30Z,Chase Center,GSW,Warriors,Golden State,https://cdn.nba.com/logos/nba/1610612744/global/L/logo.svg,,IND,Pacers,Indiana,https://cdn.nba.com/logos/nba/1610612754/global/L/logo.svg,
20260826,20270215,401910575,1,Feb 15,2027-02-16T01:00Z,FedExForum,MEM,Grizzlies,Memphis,https://cdn.nba.com/logos/nba/1610612763/global/L/logo.svg,,NYK,Knicks,New York,https://cdn.nba.com/logos/nba/1610612752/global/L/logo.svg,
20260826,20270215,401910576,1,Feb 15,2027-02-16T01:00Z,Paycom Center,OKC,Thunder,Oklahoma City,https://cdn.nba.com/logos/nba/1610612760/global/L/logo.svg,,ORL,Magic,Orlando,https://cdn.nba.com/logos/nba/1610612753/global/L/logo.svg,
20260826,20270215,401910577,1,Feb 15,2027-02-16T02:00Z,Delta Center,UTAH,Jazz,Utah,https://a.espncdn.com/i/teamlogos/nba/500/scoreboard/utah.png,,DET,Pistons,Detroit,https://cdn.nba.com/logos/nba/1610612765/global/L/logo.svg,
20260826,20270216,401910578,1,Feb 16,2027-02-17T00:00Z,Rocket Arena,CLE,Cavaliers,Cleveland,https://cdn.nba.com/logos/nba/1610612739/global/L/logo.svg,,MIL,Bucks,Milwaukee,https://cdn.nba.com/logos/nba/1610612749/global/L/logo.svg,
20260826,20270216,401910579,1,Feb 16,2027-02-17T01:00Z,State Farm Arena,ATL,Hawks,Atlanta,https://cdn.nba.com/logos/nba/1610612737/global/L/logo.svg,,TOR,Raptors,Toronto,https://cdn.nba.com/logos/nba/1610612761/global/L/logo.svg,
20260826,20270216,401910580,1,Feb 16,2027-02-17T03:00Z,crypto.com Arena,LAL,Lakers,Los Angeles,https://cdn.nba.com/logos/nba/1610612747/global/L/logo.svg,,CHI,Bulls,Chicago,https://cdn.nba.com/logos/nba/1610612741/global/L/logo.svg,
20260826,20270216,401910581,1,Feb 16,2027-02-17T03:00Z,Moda Center,POR,Trail Blazers,Portland,https://cdn.nba.com/logos/nba/1610612757/global/L/logo.svg,,NOP,Pelicans,New Orleans,https://cdn.nba.com/logos/nba/1610612740/global/L/logo.svg,
20260826,20270216,401910582,1,Feb 16,2027-02-17T04:00Z,Intuit Dome,LAC,Clippers,LA,https://cdn.nba.com/logos/nba/1610612746/global/L/logo.svg,,HOU,Rockets,Houston,https://cdn.nba.com/logos/nba/1610612745/global/L/logo.svg,
20260826,20270217,401910583,1,Feb 17,2027-02-18T00:00Z,Spectrum Center,CHA,Hornets,Charlotte,https://cdn.nba.com/logos/nba/1610612766/global/L/logo.svg,,TOR,Raptors,Toronto,https://cdn.nba.com/logos/nba/1610612761/global/L/logo.svg,
20260826,20270217,401910584,1,Feb 17,2027-02-18T00:00Z,Rocket Arena,CLE,Cavaliers,Cleveland,https://cdn.nba.com/logos/nba/1610612739/global/L/logo.svg,,MIL,Bucks,Milwaukee,https://cdn.nba.com/logos/nba/1610612749/global/L/logo.svg,
20260826,20270217,401910585,1,Feb 17,2027-02-18T00:00Z,Little Caesars Arena,DET,Pistons,Detroit,https://cdn.nba.com/logos/nba/1610612765/global/L/logo.svg,,NYK,Knicks,New York,https://cdn.nba.com/logos/nba/1610612752/global/L/logo.svg,
20260826,20270217,401910586,1,Feb 17,2027-02-18T00:00Z,Kia Center,ORL,Magic,Orlando,https://cdn.nba.com/logos/nba/1610612753/global/L/logo.svg,,DAL,Mavericks,Dallas,https://cdn.nba.com/logos/nba/1610612742/global/L/logo.svg,
20260826,20270217,401910587,1,Feb 17,2027-02-18T00:00Z,Xfinity Mobile Arena,PHI,76ers,Philadelphia,https://cdn.nba.com/logos/nba/1610612755/global/L/logo.svg,,PHX,Suns,Phoenix,https://cdn.nba.com/logos/nba/1610612756/global/L/logo.svg,
20260826,20270217,401910588,1,Feb 17,2027-02-18T00:00Z,Capital One Arena,WAS,Wizards,Washington,https://cdn.nba.com/logos/nba/1610612764/global/L/logo.svg,,MIA,Heat,Miami,https://cdn.nba.com/logos/nba/1610612748/global/L/logo.svg,
20260826,20270217,401910589,1,Feb 17,2027-02-18T00:30Z,Barclays Center,BKN,Nets,Brooklyn,https://cdn.nba.com/logos/nba/1610612751/global/L/logo.svg,,ATL,Hawks,Atlanta,https://cdn.nba.com/logos/nba/1610612737/global/L/logo.svg,
20260826,20270217,401910590,1,Feb 17,2027-02-18T01:00Z,FedExForum,MEM,Grizzlies,Memphis,https://cdn.nba.com/logos/nba/1610612763/global/L/logo.svg,,SAS,Spurs,San Antonio,https://cdn.nba.com/logos/nba/1610612759/global/L/logo.svg,
20260826,20270217,401910591,1,Feb 17,2027-02-18T02:00Z,Ball Arena,DEN,Nuggets,Denver,https://cdn.nba.com/logos/nba/1610612743/global/L/logo.svg,,UTAH,Jazz,Utah,https://a.espncdn.com/i/teamlogos/nba/500/scoreboard/utah.png,
20260826,20270217,401910592,1,Feb 17,2027-02-18T02:30Z,Paycom Center,OKC,Thunder,Oklahoma City,https://cdn.nba.com/logos/nba/1610612760/global/L/logo.svg,,BOS,Celtics,Boston,https://cdn.nba.com/logos/nba/1610612738/global/L/logo.svg,
20260826,20270217,401910593,1,Feb 17,2027-02-18T03:00Z,Chase Center,GSW,Warriors,Golden State,https://cdn.nba.com/logos/nba/1610612744/global/L/logo.svg,,NOP,Pelicans,New Orleans,https://cdn.nba.com/logos/nba/1610612740/global/L/logo.svg,
20260826,20270217,401910594,1,Feb 17,2027-02-18T03:00Z,Golden 1 Center,SAC,Kings,Sacramento,https://cdn.nba.com/logos/nba/1610612758/global/L/logo.svg,,IND,Pacers,Indiana,https://cdn.nba.com/logos/nba/1610612754/global/L/logo.svg,
20260826,20270217,401910595,1,Feb 17,2027-02-18T03:30Z,Intuit Dome,LAC,Clippers,LA,https://cdn.nba.com/logos/nba/1610612746/global/L/logo.svg,,CHI,Bulls,Chicago,https://cdn.nba.com/logos/nba/1610612741/global/L/logo.svg,
20260826,20270218,401910596,1,Feb 18,2027-02-19T00:30Z,Target Center,MIN,Timberwolves,Minnesota,https://cdn.nba.com/logos/nba/1610612750/global/L/logo.svg,,SAS,Spurs,San Antonio,https://cdn.nba.com/logos/nba/1610612759/global/L/logo.svg,
20260826,20270218,401910597,1,Feb 18,2027-02-19T01:00Z,FedExForum,MEM,Grizzlies,Memphis,https://cdn.nba.com/logos/nba/1610612763/global/L/logo.svg,,BOS,Celtics,Boston,https://cdn.nba.com/logos/nba/1610612738/global/L/logo.svg,
20260826,20270218,401910598,1,Feb 18,2027-02-19T03:00Z,crypto.com Arena,LAL,Lakers,Los Angeles,https://cdn.nba.com/logos/nba/1610612747/global/L/logo.svg,,HOU,Rockets,Houston,https://cdn.nba.com/logos/nba/1610612745/global/L/logo.svg,
20260826,20270218,401910599,1,Feb 18,2027-02-19T03:00Z,Moda Center,POR,Trail Blazers,Portland,https://cdn.nba.com/logos/nba/1610612757/global/L/logo.svg,,IND,Pacers,Indiana,https://cdn.nba.com/logos/nba/1610612754/global/L/logo.svg,
20260826,20270225,401910600,1,Feb 25,2027-02-26T00:00Z,Rocket Arena,CLE,Cavaliers,Cleveland,https://cdn.nba.com/logos/nba/1610612739/global/L/logo.svg,,SAC,Kings,Sacramento,https://cdn.nba.com/logos/nba/1610612758/global/L/logo.svg,
20260826,20270225,401910601,1,Feb 25,2027-02-26T00:00Z,Little Caesars Arena,DET,Pistons,Detroit,https://cdn.nba.com/logos/nba/1610612765/global/L/logo.svg,,MIA,Heat,Miami,https://cdn.nba.com/logos/nba/1610612748/global/L/logo.svg,
20260826,20270225,401910602,1,Feb 25,2027-02-26T00:00Z,Kia Center,ORL,Magic,Orlando,https://cdn.nba.com/logos/nba/1610612753/global/L/logo.svg,,CHA,Hornets,Charlotte,https://cdn.nba.com/logos/nba/1610612766/global/L/logo.svg,
20260826,20270225,401910603,1,Feb 25,2027-02-26T00:30Z,Barclays Center,BKN,Nets,Brooklyn,https://cdn.nba.com/logos/nba/1610612751/global/L/logo.svg,,PHI,76ers,Philadelphia,https://cdn.nba.com/logos/nba/1610612755/global/L/logo.svg,
20260826,20270225,401910604,1,Feb 25,2027-02-26T00:30Z,Madison Square Garden,NYK,Knicks,New York,https://cdn.nba.com/logos/nba/1610612752/global/L/logo.svg,,OKC,Thunder,Oklahoma City,https://cdn.nba.com/logos/nba/1610612760/global/L/logo.svg,
20260826,20270225,401910605,1,Feb 25,2027-02-26T01:00Z,United Center,CHI,Bulls,Chicago,https://cdn.nba.com/logos/nba/1610612741/global/L/logo.svg,,ATL,Hawks,Atlanta,https://cdn.nba.com/logos/nba/1610612737/global/L/logo.svg,
20260826,20270225,401910606,1,Feb 25,2027-02-26T01:00Z,Fiserv Forum,MIL,Bucks,Milwaukee,https://cdn.nba.com/logos/nba/1610612749/global/L/logo.svg,,WAS,Wizards,Washington,https://cdn.nba.com/logos/nba/1610612764/global/L/logo.svg,
20260826,20270225,401910607,1,Feb 25,2027-02-26T01:00Z,Smoothie King Center,NOP,Pelicans,New Orleans,https://cdn.nba.com/logos/nba/1610612740/global/L/logo.svg,,PHX,Suns,Phoenix,https://cdn.nba.com/logos/nba/1610612756/global/L/logo.svg,
20260826,20270225,401910608,1,Feb 25,2027-02-26T03:00Z,Chase Center,GSW,Warriors,Golden State,https://cdn.nba.com/logos/nba/1610612744/global/L/logo.svg,,DAL,Mavericks,Dallas,https://cdn.nba.com/logos/nba/1610612742/global/L/logo.svg,
20260826,20270225,401910609,1,Feb 25,2027-02-26T03:30Z,Intuit Dome,LAC,Clippers,LA,https://cdn.nba.com/logos/nba/1610612746/global/L/logo.svg,,UTAH,Jazz,Utah,https://a.espncdn.com/i/teamlogos/nba/500/scoreboard/utah.png,
20260826,20270226,401910610,1,Feb 26,2027-02-27T00:30Z,TD Garden,BOS,Celtics,Boston,https://cdn.nba.com/logos/nba/1610612738/global/L/logo.svg,,CLE,Cavaliers,Cleveland,https://cdn.nba.com/logos/nba/1610612739/global/L/logo.svg,
20260826,20270226,401910611,1,Feb 26,2027-02-27T00:30Z,Scotiabank Arena,TOR,Raptors,Toronto,https://cdn.nba.com/logos/nba/1610612761/global/L/logo.svg,,ATL,Hawks,Atlanta,https://cdn.nba.com/logos/nba/1610612737/global/L/logo.svg,
20260826,20270226,401910612,1,Feb 26,2027-02-27T01:00Z,Target Center,MIN,Timberwolves,Minnesota,https://cdn.nba.com/logos/nba/1610612750/global/L/logo.svg,,IND,Pacers,Indiana,https://cdn.nba.com/logos/nba/1610612754/global/L/logo.svg,
20260826,20270226,401910613,1,Feb 26,2027-02-27T01:00Z,Moody Center,SAS,Spurs,San Antonio,https://cdn.nba.com/logos/nba/1610612759/global/L/logo.svg,,MEM,Grizzlies,Memphis,https://cdn.nba.com/logos/nba/1610612763/global/L/logo.svg,
20260826,20270226,401910614,1,Feb 26,2027-02-27T01:30Z,Toyota Center (Houston),HOU,Rockets,Houston,https://cdn.nba.com/logos/nba/1610612745/global/L/logo.svg,,CHA,Hornets,Charlotte,https://cdn.nba.com/logos/nba/1610612766/global/L/logo.svg,
20260826,20270226,401910615,1,Feb 26,2027-02-27T03:00Z,Ball Arena,DEN,Nuggets,Denver,https://cdn.nba.com/logos/nba/1610612743/global/L/logo.svg,,LAL,Lakers,Los Angeles,https://cdn.nba.com/logos/nba/1610612747/global/L/logo.svg,
20260826,20270226,401910616,1,Feb 26,2027-02-27T03:00Z,Moda Center,POR,Trail Blazers,Portland,https://cdn.nba.com/logos/nba/1610612757/global/L/logo.svg,,DAL,Mavericks,Dallas,https://cdn.nba.com/logos/nba/1610612742/global/L/logo.svg,
20260826,20270227,401910617,1,Feb 27,2027-02-27T20:00Z,Delta Center,UTAH,Jazz,Utah,https://a.espncdn.com/i/teamlogos/nba/500/scoreboard/utah.png,,WAS,Wizards,Washington,https://cdn.nba.com/logos/nba/1610612764/global/L/logo.svg,
20260826,20270227,401910618,1,Feb 27,2027-02-27T22:30Z,Little Caesars Arena,DET,Pistons,Detroit,https://cdn.nba.com/logos/nba/1610612765/global/L/logo.svg,,OKC,Thunder,Oklahoma City,https://cdn.nba.com/logos/nba/1610612760/global/L/logo.svg,
20260826,20270227,401910619,1,Feb 27,2027-02-28T01:00Z,United Center,CHI,Bulls,Chicago,https://cdn.nba.com/logos/nba/1610612741/global/L/logo.svg,,BKN,Nets,Brooklyn,https://cdn.nba.com/logos/nba/1610612751/global/L/logo.svg,
20260826,20270227,401910620,1,Feb 27,2027-02-28T01:00Z,FedExForum,MEM,Grizzlies,Memphis,https://cdn.nba.com/logos/nba/1610612763/global/L/logo.svg,,SAC,Kings,Sacramento,https://cdn.nba.com/logos/nba/1610612758/global/L/logo.svg,
20260826,20270227,401910621,1,Feb 27,2027-02-28T01:30Z,Madison Square Garden,NYK,Knicks,New York,https://cdn.nba.com/logos/nba/1610612752/global/L/logo.svg,,PHI,76ers,Philadelphia,https://cdn.nba.com/logos/nba/1610612755/global/L/logo.svg,
20260826,20270227,401910622,1,Feb 27,2027-02-28T02:00Z,Mortgage Matchup Center,PHX,Suns,Phoenix,https://cdn.nba.com/logos/nba/1610612756/global/L/logo.svg,,NOP,Pelicans,New Orleans,https://cdn.nba.com/logos/nba/1610612740/global/L/logo.svg,
20260826,20270228,401910623,1,Feb 28,2027-02-28T18:00Z,Moody Center,SAS,Spurs,San Antonio,https://cdn.nba.com/logos/nba/1610612759/global/L/logo.svg,,DEN,Nuggets,Denver,https://cdn.nba.com/logos/nba/1610612743/global/L/logo.svg,
20260826,20270228,401910624,1,Feb 28,2027-02-28T20:30Z,American Airlines Center,DAL,Mavericks,Dallas,https://cdn.nba.com/logos/nba/1610612742/global/L/logo.svg,,LAL,Lakers,Los Angeles,https://cdn.nba.com/logos/nba/1610612747/global/L/logo.svg,
20260826,20270228,401910625,1,Feb 28,2027-02-28T21:00Z,Gainbridge Fieldhouse,IND,Pacers,Indiana,https://cdn.nba.com/logos/nba/1610612754/global/L/logo.svg,,TOR,Raptors,Toronto,https://cdn.nba.com/logos/nba/1610612761/global/L/logo.svg,
20260826,20270228,401910626,1,Feb 28,2027-02-28T21:30Z,Kia Center,ORL,Magic,Orlando,https://cdn.nba.com/logos/nba/1610612753/global/L/logo.svg,,ATL,Hawks,Atlanta,https://cdn.nba.com/logos/nba/1610612737/global/L/logo.svg,
20260826,20270228,401910627,1,Feb 28,2027-03-01T00:00Z,Spectrum Center,CHA,Hornets,Charlotte,https://cdn.nba.com/logos/nba/1610612766/global/L/logo.svg,,SAC,Kings,Sacramento,https://cdn.nba.com/logos/nba/1610612758/global/L/logo.svg,
20260826,20270228,401910628,1,Feb 28,2027-03-01T00:00Z,Target Center,MIN,Timberwolves,Minnesota,https://cdn.nba.com/logos/nba/1610612750/global/L/logo.svg,,BOS,Celtics,Boston,https://cdn.nba.com/logos/nba/1610612738/global/L/logo.svg,
20260826,20270228,401910629,1,Feb 28,2027-03-01T00:30Z,Madison Square Garden,NYK,Knicks,New York,https://cdn.nba.com/logos/nba/1610612752/global/L/logo.svg,,MIL,Bucks,Milwaukee,https://cdn.nba.com/logos/nba/1610612749/global/L/logo.svg,
20260826,20270228,401910630,1,Feb 28,2027-03-01T02:30Z,Toyota Center (Houston),HOU,Rockets,Houston,https://cdn.nba.com/logos/nba/1610612745/global/L/logo.svg,,MIA,Heat,Miami,https://cdn.nba.com/logos/nba/1610612748/global/L/logo.svg,
20260826,20270228,401910631,1,Feb 28,2027-03-01T03:30Z,Intuit Dome,LAC,Clippers,LA,https://cdn.nba.com/logos/nba/1610612746/global/L/logo.svg,,POR,Trail Blazers,Portland,https://cdn.nba.com/logos/nba/1610612757/global/L/logo.svg,
20260826,20270301,401910632,1,Mar 01,2027-03-02T00:00Z,Rocket Arena,CLE,Cavaliers,Cleveland,https://cdn.nba.com/logos/nba/1610612739/global/L/logo.svg,,PHI,76ers,Philadelphia,https://cdn.nba.com/logos/nba/1610612755/global/L/logo.svg,
20260826,20270301,401910633,1,Mar 01,2027-03-02T00:00Z,Little Caesars Arena,DET,Pistons,Detroit,https://cdn.nba.com/logos/nba/1610612765/global/L/logo.svg,,CHI,Bulls,Chicago,https://cdn.nba.com/logos/nba/1610612741/global/L/logo.svg,
20260826,20270301,401910634,1,Mar 01,2027-03-02T01:00Z,Smoothie King Center,NOP,Pelicans,New Orleans,https://cdn.nba.com/logos/nba/1610612740/global/L/logo.svg,,UTAH,Jazz,Utah,https://a.espncdn.com/i/teamlogos/nba/500/scoreboard/utah.png,
20260826,20270301,401910635,1,Mar 01,2027-03-02T01:30Z,Toyota Center (Houston),HOU,Rockets,Houston,https://cdn.nba.com/logos/nba/1610612745/global/L/logo.svg,,GSW,Warriors,Golden State,https://cdn.nba.com/logos/nba/1610612744/global/L/logo.svg,
20260826,20270301,401910636,1,Mar 01,2027-03-02T02:00Z,Ball Arena,DEN,Nuggets,Denver,https://cdn.nba.com/logos/nba/1610612743/global/L/logo.svg,,BKN,Nets,Brooklyn,https://cdn.nba.com/logos/nba/1610612751/global/L/logo.svg,
20260826,20270301,401910637,1,Mar 01,2027-03-02T02:30Z,Mortgage Matchup Center,PHX,Suns,Phoenix,https://cdn.nba.com/logos/nba/1610612756/global/L/logo.svg,,WAS,Wizards,Washington,https://cdn.nba.com/logos/nba/1610612764/global/L/logo.svg,
20260826,20270302,401910638,1,Mar 02,2027-03-03T00:00Z,Gainbridge Fieldhouse,IND,Pacers,Indiana,https://cdn.nba.com/logos/nba/1610612754/global/L/logo.svg,,BOS,Celtics,Boston,https://cdn.nba.com/logos/nba/1610612738/global/L/logo.svg,
20260826,20270302,401910639,1,Mar 02,2027-03-03T00:00Z,Kia Center,ORL,Magic,Orlando,https://cdn.nba.com/logos/nba/1610612753/global/L/logo.svg,,LAL,Lakers,Los Angeles,https://cdn.nba.com/logos/nba/1610612747/global/L/logo.svg,
20260826,20270302,401910640,1,Mar 02,2027-03-03T00:30Z,Kaseya Center,MIA,Heat,Miami,https://cdn.nba.com/logos/nba/1610612748/global/L/logo.svg,,TOR,Raptors,Toronto,https://cdn.nba.com/logos/nba/1610612761/global/L/logo.svg,
20260826,20270302,401910641,1,Mar 02,2027-03-03T00:30Z,Madison Square Garden,NYK,Knicks,New York,https://cdn.nba.com/logos/nba/1610612752/global/L/logo.svg,,MEM,Grizzlies,Memphis,https://cdn.nba.com/logos/nba/1610612763/global/L/logo.svg,
20260826,20270302,401910642,1,Mar 02,2027-03-03T01:00Z,American Airlines Center,DAL,Mavericks,Dallas,https://cdn.nba.com/logos/nba/1610612742/global/L/logo.svg,,GSW,Warriors,Golden State,https://cdn.nba.com/logos/nba/1610612744/global/L/logo.svg,
20260826,20270302,401910643,1,Mar 02,2027-03-03T01:00Z,Fiserv Forum,MIL,Bucks,Milwaukee,https://cdn.nba.com/logos/nba/1610612749/global/L/logo.svg,,DET,Pistons,Detroit,https://cdn.nba.com/logos/nba/1610612765/global/L/logo.svg,
20260826,20270302,401910644,1,Mar 02,2027-03-03T01:00Z,Paycom Center,OKC,Thunder,Oklahoma City,https://cdn.nba.com/logos/nba/1610612760/global/L/logo.svg,,MIN,Timberwolves,Minnesota,https://cdn.nba.com/logos/nba/1610612750/global/L/logo.svg,
20260826,20270302,401910645,1,Mar 02,2027-03-03T03:00Z,Golden 1 Center,SAC,Kings,Sacramento,https://cdn.nba.com/logos/nba/1610612758/global/L/logo.svg,,WAS,Wizards,Washington,https://cdn.nba.com/logos/nba/1610612764/global/L/logo.svg,
20260826,20270302,401910646,1,Mar 02,2027-03-03T04:00Z,Moda Center,POR,Trail Blazers,Portland,https://cdn.nba.com/logos/nba/1610612757/global/L/logo.svg,,LAC,Clippers,LA,https://cdn.nba.com/logos/nba/1610612746/global/L/logo.svg,
20260826,20270303,401910647,1,Mar 03,2027-03-04T00:00Z,State Farm Arena,ATL,Hawks,Atlanta,https://cdn.nba.com/logos/nba/1610612737/global/L/logo.svg,,CHI,Bulls,Chicago,https://cdn.nba.com/logos/nba/1610612741/global/L/logo.svg,
20260826,20270303,401910648,1,Mar 03,2027-03-04T00:00Z,Xfinity Mobile Arena,PHI,76ers,Philadelphia,https://cdn.nba.com/logos/nba/1610612755/global/L/logo.svg,,CHA,Hornets,Charlotte,https://cdn.nba.com/logos/nba/1610612766/global/L/logo.svg,
20260826,20270303,401910649,1,Mar 03,2027-03-04T00:30Z,Kaseya Center,MIA,Heat,Miami,https://cdn.nba.com/logos/nba/1610612748/global/L/logo.svg,,TOR,Raptors,Toronto,https://cdn.nba.com/logos/nba/1610612761/global/L/logo.svg,
20260826,20270303,401910650,1,Mar 03,2027-03-04T01:00Z,Fiserv Forum,MIL,Bucks,Milwaukee,https://cdn.nba.com/logos/nba/1610612749/global/L/logo.svg,,UTAH,Jazz,Utah,https://a.espncdn.com/i/teamlogos/nba/500/scoreboard/utah.png,
20260826,20270303,401910651,1,Mar 03,2027-03-04T01:30Z,Toyota Center (Houston),HOU,Rockets,Houston,https://cdn.nba.com/logos/nba/1610612745/global/L/logo.svg,,NOP,Pelicans,New Orleans,https://cdn.nba.com/logos/nba/1610612740/global/L/logo.svg,
20260826,20270303,401910652,1,Mar 03,2027-03-04T02:00Z,Mortgage Matchup Center,PHX,Suns,Phoenix,https://cdn.nba.com/logos/nba/1610612756/global/L/logo.svg,,BKN,Nets,Brooklyn,https://cdn.nba.com/logos/nba/1610612751/global/L/logo.svg,
20260826,20270303,401910653,1,Mar 03,2027-03-04T03:00Z,Ball Arena,DEN,Nuggets,Denver,https://cdn.nba.com/logos/nba/1610612743/global/L/logo.svg,,SAS,Spurs,San Antonio,https://cdn.nba.com/logos/nba/1610612759/global/L/logo.svg,
20260826,20270304,401910654,1,Mar 04,2027-03-05T00:00Z,Rocket Arena,CLE,Cavaliers,Cleveland,https://cdn.nba.com/logos/nba/1610612739/global/L/logo.svg,,POR,Trail Blazers,Portland,https://cdn.nba.com/logos/nba/1610612757/global/L/logo.svg,
20260826,20270304,401910655,1,Mar 04,2027-03-05T00:00Z,Kia Center,ORL,Magic,Orlando,https://cdn.nba.com/logos/nba/1610612753/global/L/logo.svg,,IND,Pacers,Indiana,https://cdn.nba.com/logos/nba/1610612754/global/L/logo.svg,
20260826,20270304,401910656,1,Mar 04,2027-03-05T00:00Z,Xfinity Mobile Arena,PHI,76ers,Philadelphia,https://cdn.nba.com/logos/nba/1610612755/global/L/logo.svg,,LAL,Lakers,Los Angeles,https://cdn.nba.com/logos/nba/1610612747/global/L/logo.svg,
20260826,20270304,401910657,1,Mar 04,2027-03-05T00:30Z,State Farm Arena,ATL,Hawks,Atlanta,https://cdn.nba.com/logos/nba/1610612737/global/L/logo.svg,,MEM,Grizzlies,Memphis,https://cdn.nba.com/logos/nba/1610612763/global/L/logo.svg,
20260826,20270304,401910658,1,Mar 04,2027-03-05T02:30Z,American Airlines Center,DAL,Mavericks,Dallas,https://cdn.nba.com/logos/nba/1610612742/global/L/logo.svg,,NYK,Knicks,New York,https://cdn.nba.com/logos/nba/1610612752/global/L/logo.svg,
20260826,20270304,401910659,1,Mar 04,2027-03-05T03:00Z,Chase Center,GSW,Warriors,Golden State,https://cdn.nba.com/logos/nba/1610612744/global/L/logo.svg,,WAS,Wizards,Washington,https://cdn.nba.com/logos/nba/1610612764/global/L/logo.svg,
20260826,20270304,401910660,1,Mar 04,2027-03-05T03:00Z,Golden 1 Center,SAC,Kings,Sacramento,https://cdn.nba.com/logos/nba/1610612758/global/L/logo.svg,,OKC,Thunder,Oklahoma City,https://cdn.nba.com/logos/nba/1610612760/global/L/logo.svg,
20260826,20270304,401910661,1,Mar 04,2027-03-05T03:30Z,Intuit Dome,LAC,Clippers,LA,https://cdn.nba.com/logos/nba/1610612746/global/L/logo.svg,,BKN,Nets,Brooklyn,https://cdn.nba.com/logos/nba/1610612751/global/L/logo.svg,
20260826,20270305,401910662,1,Mar 05,2027-03-06T00:00Z,Little Caesars Arena,DET,Pistons,Detroit,https://cdn.nba.com/logos/nba/1610612765/global/L/logo.svg,,BOS,Celtics,Boston,https://cdn.nba.com/logos/nba/1610612738/global/L/logo.svg,
20260826,20270305,401910663,1,Mar 05,2027-03-06T00:00Z,Kia Center,ORL,Magic,Orlando,https://cdn.nba.com/logos/nba/1610612753/global/L/logo.svg,,UTAH,Jazz,Utah,https://a.espncdn.com/i/teamlogos/nba/500/scoreboard/utah.png,
20260826,20270305,401910664,1,Mar 05,2027-03-06T00:30Z,Scotiabank Arena,TOR,Raptors,Toronto,https://cdn.nba.com/logos/nba/1610612761/global/L/logo.svg,,POR,Trail Blazers,Portland,https://cdn.nba.com/logos/nba/1610612757/global/L/logo.svg,
20260826,20270305,401910665,1,Mar 05,2027-03-06T01:00Z,Smoothie King Center,NOP,Pelicans,New Orleans,https://cdn.nba.com/logos/nba/1610612740/global/L/logo.svg,,MIL,Bucks,Milwaukee,https://cdn.nba.com/logos/nba/1610612749/global/L/logo.svg,
20260826,20270305,401910666,1,Mar 05,2027-03-06T02:00Z,Mortgage Matchup Center,PHX,Suns,Phoenix,https://cdn.nba.com/logos/nba/1610612756/global/L/logo.svg,,MIN,Timberwolves,Minnesota,https://cdn.nba.com/logos/nba/1610612750/global/L/logo.svg,
20260826,20270305,401910667,1,Mar 05,2027-03-06T02:30Z,Toyota Center (Houston),HOU,Rockets,Houston,https://cdn.nba.com/logos/nba/1610612745/global/L/logo.svg,,SAS,Spurs,San Antonio,https://cdn.nba.com/logos/nba/1610612759/global/L/logo.svg,
20260826,20270306,401910668,1,Mar 06,2027-03-06T20:00Z,Kaseya Center,MIA,Heat,Miami,https://cdn.nba.com/logos/nba/1610612748/global/L/logo.svg,,IND,Pacers,Indiana,https://cdn.nba.com/logos/nba/1610612754/global/L/logo.svg,
20260826,20270306,401910669,1,Mar 06,2027-03-06T22:00Z,United Center,CHI,Bulls,Chicago,https://cdn.nba.com/logos/nba/1610612741/global/L/logo.svg,,CHA,Hornets,Charlotte,https://cdn.nba.com/logos/nba/1610612766/global/L/logo.svg,
20260826,20270306,401910670,1,Mar 06,2027-03-06T22:30Z,Rocket Arena,CLE,Cavaliers,Cleveland,https://cdn.nba.com/logos/nba/1610612739/global/L/logo.svg,,ATL,Hawks,Atlanta,https://cdn.nba.com/logos/nba/1610612737/global/L/logo.svg,
20260826,20270306,401910671,1,Mar 06,2027-03-07T00:00Z,Capital One Arena,WAS,Wizards,Washington,https://cdn.nba.com/logos/nba/1610612764/global/L/logo.svg,,UTAH,Jazz,Utah,https://a.espncdn.com/i/teamlogos/nba/500/scoreboard/utah.png,
20260826,20270306,401910672,1,Mar 06,2027-03-07T01:00Z,FedExForum,MEM,Grizzlies,Memphis,https://cdn.nba.com/logos/nba/1610612763/global/L/logo.svg,,NOP,Pelicans,New Orleans,https://cdn.nba.com/logos/nba/1610612740/global/L/logo.svg,
20260826,20270306,401910673,1,Mar 06,2027-03-07T01:30Z,crypto.com Arena,LAL,Lakers,Los Angeles,https://cdn.nba.com/logos/nba/1610612747/global/L/logo.svg,,OKC,Thunder,Oklahoma City,https://cdn.nba.com/logos/nba/1610612760/global/L/logo.svg,
20260826,20270306,401910674,1,Mar 06,2027-03-07T03:00Z,Golden 1 Center,SAC,Kings,Sacramento,https://cdn.nba.com/logos/nba/1610612758/global/L/logo.svg,,LAC,Clippers,LA,https://cdn.nba.com/logos/nba/1610612746/global/L/logo.svg,
20260826,20270307,401910675,1,Mar 07,2027-03-07T18:00Z,TD Garden,BOS,Celtics,Boston,https://cdn.nba.com/logos/nba/1610612738/global/L/logo.svg,,PHI,76ers,Philadelphia,https://cdn.nba.com/logos/nba/1610612755/global/L/logo.svg,
20260826,20270307,401910676,1,Mar 07,2027-03-07T20:30Z,Ball Arena,DEN,Nuggets,Denver,https://cdn.nba.com/logos/nba/1610612743/global/L/logo.svg,,MIN,Timberwolves,Minnesota,https://cdn.nba.com/logos/nba/1610612750/global/L/logo.svg,
20260826,20270307,401910677,1,Mar 07,2027-03-07T22:00Z,United Center,CHI,Bulls,Chicago,https://cdn.nba.com/logos/nba/1610612741/global/L/logo.svg,,POR,Trail Blazers,Portland,https://cdn.nba.com/logos/nba/1610612757/global/L/logo.svg,
20260826,20270307,401910678,1,Mar 07,2027-03-08T00:30Z,Frost Bank Center,SAS,Spurs,San Antonio,https://cdn.nba.com/logos/nba/1610612759/global/L/logo.svg,,NYK,Knicks,New York,https://cdn.nba.com/logos/nba/1610612752/global/L/logo.svg,
20260826,20270307,401910679,1,Mar 07,2027-03-08T03:00Z,Chase Center,GSW,Warriors,Golden State,https://cdn.nba.com/logos/nba/1610612744/global/L/logo.svg,,HOU,Rockets,Houston,https://cdn.nba.com/logos/nba/1610612745/global/L/logo.svg,
20260826,20270307,401910680,1,Mar 07,2027-03-08T03:30Z,crypto.com Arena,LAL,Lakers,Los Angeles,https://cdn.nba.com/logos/nba/1610612747/global/L/logo.svg,,BKN,Nets,Brooklyn,https://cdn.nba.com/logos/nba/1610612751/global/L/logo.svg,
20260826,20270308,401910681,1,Mar 08,2027-03-09T00:00Z,Gainbridge Fieldhouse,IND,Pacers,Indiana,https://cdn.nba.com/logos/nba/1610612754/global/L/logo.svg,,CHA,Hornets,Charlotte,https://cdn.nba.com/logos/nba/1610612766/global/L/logo.svg,
20260826,20270308,401910682,1,Mar 08,2027-03-09T00:00Z,Xfinity Mobile Arena,PHI,76ers,Philadelphia,https://cdn.nba.com/logos/nba/1610612755/global/L/logo.svg,,UTAH,Jazz,Utah,https://a.espncdn.com/i/teamlogos/nba/500/scoreboard/utah.png,
20260826,20270308,401910683,1,Mar 08,2027-03-09T00:30Z,Kaseya Center,MIA,Heat,Miami,https://cdn.nba.com/logos/nba/1610612748/global/L/logo.svg,,PHX,Suns,Phoenix,https://cdn.nba.com/logos/nba/1610612756/global/L/logo.svg,
20260826,20270308,401910684,1,Mar 08,2027-03-09T01:00Z,FedExForum,MEM,Grizzlies,Memphis,https://cdn.nba.com/logos/nba/1610612763/global/L/logo.svg,,ATL,Hawks,Atlanta,https://cdn.nba.com/logos/nba/1610612737/global/L/logo.svg,
20260826,20270308,401910685,1,Mar 08,2027-03-09T01:00Z,Target Center,MIN,Timberwolves,Minnesota,https://cdn.nba.com/logos/nba/1610612750/global/L/logo.svg,,NOP,Pelicans,New Orleans,https://cdn.nba.com/logos/nba/1610612740/global/L/logo.svg,
20260826,20270308,401910686,1,Mar 08,2027-03-09T02:30Z,Paycom Center,OKC,Thunder,Oklahoma City,https://cdn.nba.com/logos/nba/1610612760/global/L/logo.svg,,DAL,Mavericks,Dallas,https://cdn.nba.com/logos/nba/1610612742/global/L/logo.svg,
20260826,20270308,401910687,1,Mar 08,2027-03-09T03:00Z,Golden 1 Center,SAC,Kings,Sacramento,https://cdn.nba.com/logos/nba/1610612758/global/L/logo.svg,,DEN,Nuggets,Denver,https://cdn.nba.com/logos/nba/1610612743/global/L/logo.svg,
20260826,20270308,401910688,1,Mar 08,2027-03-09T03:30Z,Intuit Dome,LAC,Clippers,LA,https://cdn.nba.com/logos/nba/1610612746/global/L/logo.svg,,HOU,Rockets,Houston,https://cdn.nba.com/logos/nba/1610612745/global/L/logo.svg,
20260826,20270309,401910689,1,Mar 09,2027-03-10T00:00Z,Kia Center,ORL,Magic,Orlando,https://cdn.nba.com/logos/nba/1610612753/global/L/logo.svg,,PHX,Suns,Phoenix,https://cdn.nba.com/logos/nba/1610612756/global/L/logo.svg,
20260826,20270309,401910690,1,Mar 09,2027-03-10T00:30Z,Barclays Center,BKN,Nets,Brooklyn,https://cdn.nba.com/logos/nba/1610612751/global/L/logo.svg,,MIL,Bucks,Milwaukee,https://cdn.nba.com/logos/nba/1610612749/global/L/logo.svg,
20260826,20270309,401910691,1,Mar 09,2027-03-10T01:00Z,Little Caesars Arena,DET,Pistons,Detroit,https://cdn.nba.com/logos/nba/1610612765/global/L/logo.svg,,CLE,Cavaliers,Cleveland,https://cdn.nba.com/logos/nba/1610612739/global/L/logo.svg,
20260826,20270309,401910692,1,Mar 09,2027-03-10T01:00Z,United Center,CHI,Bulls,Chicago,https://cdn.nba.com/logos/nba/1610612741/global/L/logo.svg,,BOS,Celtics,Boston,https://cdn.nba.com/logos/nba/1610612738/global/L/logo.svg,
20260826,20270309,401910693,1,Mar 09,2027-03-10T01:00Z,American Airlines Center,DAL,Mavericks,Dallas,https://cdn.nba.com/logos/nba/1610612742/global/L/logo.svg,,MEM,Grizzlies,Memphis,https://cdn.nba.com/logos/nba/1610612763/global/L/logo.svg,
20260826,20270309,401910694,1,Mar 09,2027-03-10T01:00Z,Frost Bank Center,SAS,Spurs,San Antonio,https://cdn.nba.com/logos/nba/1610612759/global/L/logo.svg,,WAS,Wizards,Washington,https://cdn.nba.com/logos/nba/1610612764/global/L/logo.svg,
20260826,20270309,401910695,1,Mar 09,2027-03-10T04:00Z,Chase Center,GSW,Warriors,Golden State,https://cdn.nba.com/logos/nba/1610612744/global/L/logo.svg,,POR,Trail Blazers,Portland,https://cdn.nba.com/logos/nba/1610612757/global/L/logo.svg,
20260826,20270310,401910696,1,Mar 10,2027-03-11T00:00Z,Spectrum Center,CHA,Hornets,Charlotte,https://cdn.nba.com/logos/nba/1610612766/global/L/logo.svg,,NOP,Pelicans,New Orleans,https://cdn.nba.com/logos/nba/1610612740/global/L/logo.svg,
20260826,20270310,401910697,1,Mar 10,2027-03-11T00:00Z,Kaseya Center,MIA,Heat,Miami,https://cdn.nba.com/logos/nba/1610612748/global/L/logo.svg,,ORL,Magic,Orlando,https://cdn.nba.com/logos/nba/1610612753/global/L/logo.svg,
20260826,20270310,401910698,1,Mar 10,2027-03-11T00:30Z,Scotiabank Arena,TOR,Raptors,Toronto,https://cdn.nba.com/logos/nba/1610612761/global/L/logo.svg,,OKC,Thunder,Oklahoma City,https://cdn.nba.com/logos/nba/1610612760/global/L/logo.svg,
20260826,20270310,401910699,1,Mar 10,2027-03-11T02:00Z,Delta Center,UTAH,Jazz,Utah,https://a.espncdn.com/i/teamlogos/nba/500/scoreboard/utah.png,,HOU,Rockets,Houston,https://cdn.nba.com/logos/nba/1610612745/global/L/logo.svg,
20260826,20270310,401910700,1,Mar 10,2027-03-11T02:30Z,Target Center,MIN,Timberwolves,Minnesota,https://cdn.nba.com/logos/nba/1610612750/global/L/logo.svg,,ATL,Hawks,Atlanta,https://cdn.nba.com/logos/nba/1610612737/global/L/logo.svg,
20260826,20270310,401910701,1,Mar 10,2027-03-11T03:00Z,Moda Center,POR,Trail Blazers,Portland,https://cdn.nba.com/logos/nba/1610612757/global/L/logo.svg,,DEN,Nuggets,Denver,https://cdn.nba.com/logos/nba/1610612743/global/L/logo.svg,
20260826,20270310,401910702,1,Mar 10,2027-03-11T03:00Z,Golden 1 Center,SAC,Kings,Sacramento,https://cdn.nba.com/logos/nba/1610612758/global/L/logo.svg,,GSW,Warriors,Golden State,https://cdn.nba.com/logos/nba/1610612744/global/L/logo.svg,
20260826,20270310,401910703,1,Mar 10,2027-03-11T03:30Z,Intuit Dome,LAC,Clippers,LA,https://cdn.nba.com/logos/nba/1610612746/global/L/logo.svg,,NYK,Knicks,New York,https://cdn.nba.com/logos/nba/1610612752/global/L/logo.svg,
20260826,20270311,401910704,1,Mar 11,2027-03-12T00:00Z,Spectrum Center,CHA,Hornets,Charlotte,https://cdn.nba.com/logos/nba/1610612766/global/L/logo.svg,,IND,Pacers,Indiana,https://cdn.nba.com/logos/nba/1610612754/global/L/logo.svg,
20260826,20270311,401910705,1,Mar 11,2027-03-12T00:00Z,Little Caesars Arena,DET,Pistons,Detroit,https://cdn.nba.com/logos/nba/1610612765/global/L/logo.svg,,MIL,Bucks,Milwaukee,https://cdn.nba.com/logos/nba/1610612749/global/L/logo.svg,
20260826,20270311,401910706,1,Mar 11,2027-03-12T00:30Z,TD Garden,BOS,Celtics,Boston,https://cdn.nba.com/logos/nba/1610612738/global/L/logo.svg,,MEM,Grizzlies,Memphis,https://cdn.nba.com/logos/nba/1610612763/global/L/logo.svg,
20260826,20270311,401910707,1,Mar 11,2027-03-12T00:30Z,Frost Bank Center,SAS,Spurs,San Antonio,https://cdn.nba.com/logos/nba/1610612759/global/L/logo.svg,,PHI,76ers,Philadelphia,https://cdn.nba.com/logos/nba/1610612755/global/L/logo.svg,
20260826,20270311,401910708,1,Mar 11,2027-03-12T01:00Z,State Farm Arena,ATL,Hawks,Atlanta,https://cdn.nba.com/logos/nba/1610612737/global/L/logo.svg,,BKN,Nets,Brooklyn,https://cdn.nba.com/logos/nba/1610612751/global/L/logo.svg,
20260826,20270311,401910709,1,Mar 11,2027-03-12T01:00Z,United Center,CHI,Bulls,Chicago,https://cdn.nba.com/logos/nba/1610612741/global/L/logo.svg,,PHX,Suns,Phoenix,https://cdn.nba.com/logos/nba/1610612756/global/L/logo.svg,
20260826,20270311,401910710,1,Mar 11,2027-03-12T01:00Z,American Airlines Center,DAL,Mavericks,Dallas,https://cdn.nba.com/logos/nba/1610612742/global/L/logo.svg,,WAS,Wizards,Washington,https://cdn.nba.com/logos/nba/1610612764/global/L/logo.svg,
20260826,20270311,401910711,1,Mar 11,2027-03-12T03:00Z,crypto.com Arena,LAL,Lakers,Los Angeles,https://cdn.nba.com/logos/nba/1610612747/global/L/logo.svg,,NYK,Knicks,New York,https://cdn.nba.com/logos/nba/1610612752/global/L/logo.svg,
20260826,20270311,401910712,1,Mar 11,2027-03-12T03:30Z,Intuit Dome,LAC,Clippers,LA,https://cdn.nba.com/logos/nba/1610612746/global/L/logo.svg,,CLE,Cavaliers,Cleveland,https://cdn.nba.com/logos/nba/1610612739/global/L/logo.svg,
20260826,20270312,401910713,1,Mar 12,2027-03-13T00:30Z,TD Garden,BOS,Celtics,Boston,https://cdn.nba.com/logos/nba/1610612738/global/L/logo.svg,,OKC,Thunder,Oklahoma City,https://cdn.nba.com/logos/nba/1610612760/global/L/logo.svg,
20260826,20270312,401910714,1,Mar 12,2027-03-13T01:00Z,Fiserv Forum,MIL,Bucks,Milwaukee,https://cdn.nba.com/logos/nba/1610612749/global/L/logo.svg,,MIA,Heat,Miami,https://cdn.nba.com/logos/nba/1610612748/global/L/logo.svg,
20260826,20270312,401910715,1,Mar 12,2027-03-13T01:00Z,Smoothie King Center,NOP,Pelicans,New Orleans,https://cdn.nba.com/logos/nba/1610612740/global/L/logo.svg,,TOR,Raptors,Toronto,https://cdn.nba.com/logos/nba/1610612761/global/L/logo.svg,
20260826,20270312,401910716,1,Mar 12,2027-03-13T02:30Z,Delta Center,UTAH,Jazz,Utah,https://a.espncdn.com/i/teamlogos/nba/500/scoreboard/utah.png,,SAC,Kings,Sacramento,https://cdn.nba.com/logos/nba/1610612758/global/L/logo.svg,
20260826,20270312,401910717,1,Mar 12,2027-03-13T03:00Z,Ball Arena,DEN,Nuggets,Denver,https://cdn.nba.com/logos/nba/1610612743/global/L/logo.svg,,GSW,Warriors,Golden State,https://cdn.nba.com/logos/nba/1610612744/global/L/logo.svg,
20260826,20270312,401910718,1,Mar 12,2027-03-13T03:00Z,crypto.com Arena,LAL,Lakers,Los Angeles,https://cdn.nba.com/logos/nba/1610612747/global/L/logo.svg,,CLE,Cavaliers,Cleveland,https://cdn.nba.com/logos/nba/1610612739/global/L/logo.svg,
20260826,20270313,401910719,1,Mar 13,2027-03-13T20:00Z,State Farm Arena,ATL,Hawks,Atlanta,https://cdn.nba.com/logos/nba/1610612737/global/L/logo.svg,,ORL,Magic,Orlando,https://cdn.nba.com/logos/nba/1610612753/global/L/logo.svg,
20260826,20270313,401910720,1,Mar 13,2027-03-13T20:00Z,Little Caesars Arena,DET,Pistons,Detroit,https://cdn.nba.com/logos/nba/1610612765/global/L/logo.svg,,BKN,Nets,Brooklyn,https://cdn.nba.com/logos/nba/1610612751/global/L/logo.svg,
20260826,20270313,401910721,1,Mar 13,2027-03-13T22:30Z,Toyota Center (Houston),HOU,Rockets,Houston,https://cdn.nba.com/logos/nba/1610612745/global/L/logo.svg,,IND,Pacers,Indiana,https://cdn.nba.com/logos/nba/1610612754/global/L/logo.svg,
20260826,20270313,401910722,1,Mar 13,2027-03-13T23:00Z,Spectrum Center,CHA,Hornets,Charlotte,https://cdn.nba.com/logos/nba/1610612766/global/L/logo.svg,,PHX,Suns,Phoenix,https://cdn.nba.com/logos/nba/1610612756/global/L/logo.svg,
20260826,20270313,401910723,1,Mar 13,2027-03-14T01:00Z,United Center,CHI,Bulls,Chicago,https://cdn.nba.com/logos/nba/1610612741/global/L/logo.svg,,MEM,Grizzlies,Memphis,https://cdn.nba.com/logos/nba/1610612763/global/L/logo.svg,
20260826,20270313,401910724,1,Mar 13,2027-03-14T01:00Z,American Airlines Center,DAL,Mavericks,Dallas,https://cdn.nba.com/logos/nba/1610612742/global/L/logo.svg,,NOP,Pelicans,New Orleans,https://cdn.nba.com/logos/nba/1610612740/global/L/logo.svg,
20260826,20270313,401910725,1,Mar 13,2027-03-14T01:30Z,Target Center,MIN,Timberwolves,Minnesota,https://cdn.nba.com/logos/nba/1610612750/global/L/logo.svg,,PHI,76ers,Philadelphia,https://cdn.nba.com/logos/nba/1610612755/global/L/logo.svg,
20260826,20270313,401910726,1,Mar 13,2027-03-14T03:30Z,Moda Center,POR,Trail Blazers,Portland,https://cdn.nba.com/logos/nba/1610612757/global/L/logo.svg,,LAC,Clippers,LA,https://cdn.nba.com/logos/nba/1610612746/global/L/logo.svg,
20260826,20270314,401910727,1,Mar 14,2027-03-14T16:00Z,Madison Square Garden,NYK,Knicks,New York,https://cdn.nba.com/logos/nba/1610612752/global/L/logo.svg,,BOS,Celtics,Boston,https://cdn.nba.com/logos/nba/1610612738/global/L/logo.svg,
20260826,20270314,401910728,1,Mar 14,2027-03-14T18:30Z,Paycom Center,OKC,Thunder,Oklahoma City,https://cdn.nba.com/logos/nba/1610612760/global/L/logo.svg,,SAS,Spurs,San Antonio,https://cdn.nba.com/logos/nba/1610612759/global/L/logo.svg,
20260826,20270314,401910729,1,Mar 14,2027-03-14T21:00Z,Scotiabank Arena,TOR,Raptors,Toronto,https://cdn.nba.com/logos/nba/1610612761/global/L/logo.svg,,DET,Pistons,Detroit,https://cdn.nba.com/logos/nba/1610612765/global/L/logo.svg,
20260826,20270314,401910730,1,Mar 14,2027-03-14T22:00Z,Golden 1 Center,SAC,Kings,Sacramento,https://cdn.nba.com/logos/nba/1610612758/global/L/logo.svg,,CLE,Cavaliers,Cleveland,https://cdn.nba.com/logos/nba/1610612739/global/L/logo.svg,
20260826,20270314,401910731,1,Mar 14,2027-03-14T23:30Z,Ball Arena,DEN,Nuggets,Denver,https://cdn.nba.com/logos/nba/1610612743/global/L/logo.svg,,MIA,Heat,Miami,https://cdn.nba.com/logos/nba/1610612748/global/L/logo.svg,
20260826,20270314,401910732,1,Mar 14,2027-03-15T00:00Z,Target Center,MIN,Timberwolves,Minnesota,https://cdn.nba.com/logos/nba/1610612750/global/L/logo.svg,,WAS,Wizards,Washington,https://cdn.nba.com/logos/nba/1610612764/global/L/logo.svg,
20260826,20270314,401910733,1,Mar 14,2027-03-15T02:00Z,crypto.com Arena,LAL,Lakers,Los Angeles,https://cdn.nba.com/logos/nba/1610612747/global/L/logo.svg,,GSW,Warriors,Golden State,https://cdn.nba.com/logos/nba/1610612744/global/L/logo.svg,
20260826,20270315,401910734,1,Mar 15,2027-03-15T23:00Z,Xfinity Mobile Arena,PHI,76ers,Philadelphia,https://cdn.nba.com/logos/nba/1610612755/global/L/logo.svg,,TOR,Raptors,Toronto,https://cdn.nba.com/logos/nba/1610612761/global/L/logo.svg,
20260826,20270315,401910735,1,Mar 15,2027-03-15T23:30Z,Barclays Center,BKN,Nets,Brooklyn,https://cdn.nba.com/logos/nba/1610612751/global/L/logo.svg,,IND,Pacers,Indiana,https://cdn.nba.com/logos/nba/1610612754/global/L/logo.svg,
20260826,20270315,401910736,1,Mar 15,2027-03-16T00:00Z,United Center,CHI,Bulls,Chicago,https://cdn.nba.com/logos/nba/1610612741/global/L/logo.svg,,ORL,Magic,Orlando,https://cdn.nba.com/logos/nba/1610612753/global/L/logo.svg,
20260826,20270315,401910737,1,Mar 15,2027-03-16T00:00Z,FedExForum,MEM,Grizzlies,Memphis,https://cdn.nba.com/logos/nba/1610612763/global/L/logo.svg,,PHX,Suns,Phoenix,https://cdn.nba.com/logos/nba/1610612756/global/L/logo.svg,
20260826,20270315,401910738,1,Mar 15,2027-03-16T01:30Z,American Airlines Center,DAL,Mavericks,Dallas,https://cdn.nba.com/logos/nba/1610612742/global/L/logo.svg,,ATL,Hawks,Atlanta,https://cdn.nba.com/logos/nba/1610612737/global/L/logo.svg,
20260826,20270316,401910739,1,Mar 16,2027-03-16T23:00Z,Capital One Arena,WAS,Wizards,Washington,https://cdn.nba.com/logos/nba/1610612764/global/L/logo.svg,,NYK,Knicks,New York,https://cdn.nba.com/logos/nba/1610612752/global/L/logo.svg,
20260826,20270316,401910740,1,Mar 16,2027-03-16T23:30Z,TD Garden,BOS,Celtics,Boston,https://cdn.nba.com/logos/nba/1610612738/global/L/logo.svg,,SAC,Kings,Sacramento,https://cdn.nba.com/logos/nba/1610612758/global/L/logo.svg,
20260826,20270316,401910741,1,Mar 16,2027-03-17T00:00Z,Gainbridge Fieldhouse,IND,Pacers,Indiana,https://cdn.nba.com/logos/nba/1610612754/global/L/logo.svg,,DET,Pistons,Detroit,https://cdn.nba.com/logos/nba/1610612765/global/L/logo.svg,
20260826,20270316,401910742,1,Mar 16,2027-03-17T00:00Z,Fiserv Forum,MIL,Bucks,Milwaukee,https://cdn.nba.com/logos/nba/1610612749/global/L/logo.svg,,ORL,Magic,Orlando,https://cdn.nba.com/logos/nba/1610612753/global/L/logo.svg,
20260826,20270316,401910743,1,Mar 16,2027-03-17T00:00Z,Smoothie King Center,NOP,Pelicans,New Orleans,https://cdn.nba.com/logos/nba/1610612740/global/L/logo.svg,,MIN,Timberwolves,Minnesota,https://cdn.nba.com/logos/nba/1610612750/global/L/logo.svg,
20260826,20270316,401910744,1,Mar 16,2027-03-17T00:00Z,Paycom Center,OKC,Thunder,Oklahoma City,https://cdn.nba.com/logos/nba/1610612760/global/L/logo.svg,,CHA,Hornets,Charlotte,https://cdn.nba.com/logos/nba/1610612766/global/L/logo.svg,
20260826,20270316,401910745,1,Mar 16,2027-03-17T00:30Z,Toyota Center (Houston),HOU,Rockets,Houston,https://cdn.nba.com/logos/nba/1610612745/global/L/logo.svg,,SAS,Spurs,San Antonio,https://cdn.nba.com/logos/nba/1610612759/global/L/logo.svg,
20260826,20270316,401910746,1,Mar 16,2027-03-17T02:00Z,Chase Center,GSW,Warriors,Golden State,https://cdn.nba.com/logos/nba/1610612744/global/L/logo.svg,,CLE,Cavaliers,Cleveland,https://cdn.nba.com/logos/nba/1610612739/global/L/logo.svg,
20260826,20270316,401910747,1,Mar 16,2027-03-17T02:00Z,Moda Center,POR,Trail Blazers,Portland,https://cdn.nba.com/logos/nba/1610612757/global/L/logo.svg,,LAL,Lakers,Los Angeles,https://cdn.nba.com/logos/nba/1610612747/global/L/logo.svg,
20260826,20270316,401910748,1,Mar 16,2027-03-17T03:00Z,Intuit Dome,LAC,Clippers,LA,https://cdn.nba.com/logos/nba/1610612746/global/L/logo.svg,,DEN,Nuggets,Denver,https://cdn.nba.com/logos/nba/1610612743/global/L/logo.svg,
20260826,20270317,401910749,1,Mar 17,2027-03-17T23:00Z,Xfinity Mobile Arena,PHI,76ers,Philadelphia,https://cdn.nba.com/logos/nba/1610612755/global/L/logo.svg,,CHI,Bulls,Chicago,https://cdn.nba.com/logos/nba/1610612741/global/L/logo.svg,
20260826,20270317,401910750,1,Mar 17,2027-03-17T23:30Z,Madison Square Garden,NYK,Knicks,New York,https://cdn.nba.com/logos/nba/1610612752/global/L/logo.svg,,SAC,Kings,Sacramento,https://cdn.nba.com/logos/nba/1610612758/global/L/logo.svg,
20260826,20270317,401910751,1,Mar 17,2027-03-17T23:30Z,Paycom Center,OKC,Thunder,Oklahoma City,https://cdn.nba.com/logos/nba/1610612760/global/L/logo.svg,,DAL,Mavericks,Dallas,https://cdn.nba.com/logos/nba/1610612742/global/L/logo.svg,
20260826,20270317,401910752,1,Mar 17,2027-03-18T00:30Z,Toyota Center (Houston),HOU,Rockets,Houston,https://cdn.nba.com/logos/nba/1610612745/global/L/logo.svg,,BKN,Nets,Brooklyn,https://cdn.nba.com/logos/nba/1610612751/global/L/logo.svg,
20260826,20270317,401910753,1,Mar 17,2027-03-18T01:00Z,Delta Center,UTAH,Jazz,Utah,https://a.espncdn.com/i/teamlogos/nba/500/scoreboard/utah.png,,ATL,Hawks,Atlanta,https://cdn.nba.com/logos/nba/1610612737/global/L/logo.svg,
20260826,20270317,401910754,1,Mar 17,2027-03-18T02:00Z,Chase Center,GSW,Warriors,Golden State,https://cdn.nba.com/logos/nba/1610612744/global/L/logo.svg,,MEM,Grizzlies,Memphis,https://cdn.nba.com/logos/nba/1610612763/global/L/logo.svg,
20260826,20270317,401910755,1,Mar 17,2027-03-18T02:00Z,crypto.com Arena,LAL,Lakers,Los Angeles,https://cdn.nba.com/logos/nba/1610612747/global/L/logo.svg,,PHX,Suns,Phoenix,https://cdn.nba.com/logos/nba/1610612756/global/L/logo.svg,
20260826,20270317,401910756,1,Mar 17,2027-03-18T02:00Z,Moda Center,POR,Trail Blazers,Portland,https://cdn.nba.com/logos/nba/1610612757/global/L/logo.svg,,MIA,Heat,Miami,https://cdn.nba.com/logos/nba/1610612748/global/L/logo.svg,
20260826,20270318,401910757,1,Mar 18,2027-03-18T23:00Z,Gainbridge Fieldhouse,IND,Pacers,Indiana,https://cdn.nba.com/logos/nba/1610612754/global/L/logo.svg,,TOR,Raptors,Toronto,https://cdn.nba.com/logos/nba/1610612761/global/L/logo.svg,
20260826,20270318,401910758,1,Mar 18,2027-03-18T23:00Z,Capital One Arena,WAS,Wizards,Washington,https://cdn.nba.com/logos/nba/1610612764/global/L/logo.svg,,PHI,76ers,Philadelphia,https://cdn.nba.com/logos/nba/1610612755/global/L/logo.svg,
20260826,20270318,401910759,1,Mar 18,2027-03-18T23:30Z,TD Garden,BOS,Celtics,Boston,https://cdn.nba.com/logos/nba/1610612738/global/L/logo.svg,,ORL,Magic,Orlando,https://cdn.nba.com/logos/nba/1610612753/global/L/logo.svg,
20260826,20270318,401910760,1,Mar 18,2027-03-19T00:00Z,Fiserv Forum,MIL,Bucks,Milwaukee,https://cdn.nba.com/logos/nba/1610612749/global/L/logo.svg,,DET,Pistons,Detroit,https://cdn.nba.com/logos/nba/1610612765/global/L/logo.svg,
20260826,20270318,401910761,1,Mar 18,2027-03-19T00:00Z,Smoothie King Center,NOP,Pelicans,New Orleans,https://cdn.nba.com/logos/nba/1610612740/global/L/logo.svg,,CHA,Hornets,Charlotte,https://cdn.nba.com/logos/nba/1610612766/global/L/logo.svg,
20260826,20270318,401910762,1,Mar 18,2027-03-19T00:00Z,Frost Bank Center,SAS,Spurs,San Antonio,https://cdn.nba.com/logos/nba/1610612759/global/L/logo.svg,,BKN,Nets,Brooklyn,https://cdn.nba.com/logos/nba/1610612751/global/L/logo.svg,
20260826,20270318,401910763,1,Mar 18,2027-03-19T01:00Z,Ball Arena,DEN,Nuggets,Denver,https://cdn.nba.com/logos/nba/1610612743/global/L/logo.svg,,CLE,Cavaliers,Cleveland,https://cdn.nba.com/logos/nba/1610612739/global/L/logo.svg,
20260826,20270318,401910764,1,Mar 18,2027-03-19T01:00Z,Delta Center,UTAH,Jazz,Utah,https://a.espncdn.com/i/teamlogos/nba/500/scoreboard/utah.png,,MIN,Timberwolves,Minnesota,https://cdn.nba.com/logos/nba/1610612750/global/L/logo.svg,
20260826,20270318,401910765,1,Mar 18,2027-03-19T02:30Z,Intuit Dome,LAC,Clippers,LA,https://cdn.nba.com/logos/nba/1610612746/global/L/logo.svg,,MEM,Grizzlies,Memphis,https://cdn.nba.com/logos/nba/1610612763/global/L/logo.svg,
20260826,20270319,401910766,1,Mar 19,2027-03-19T23:30Z,Scotiabank Arena,TOR,Raptors,Toronto,https://cdn.nba.com/logos/nba/1610612761/global/L/logo.svg,,SAC,Kings,Sacramento,https://cdn.nba.com/logos/nba/1610612758/global/L/logo.svg,
20260826,20270319,401910767,1,Mar 19,2027-03-20T00:00Z,Smoothie King Center,NOP,Pelicans,New Orleans,https://cdn.nba.com/logos/nba/1610612740/global/L/logo.svg,,HOU,Rockets,Houston,https://cdn.nba.com/logos/nba/1610612745/global/L/logo.svg,
20260826,20270319,401910768,1,Mar 19,2027-03-20T00:00Z,Frost Bank Center,SAS,Spurs,San Antonio,https://cdn.nba.com/logos/nba/1610612759/global/L/logo.svg,,DAL,Mavericks,Dallas,https://cdn.nba.com/logos/nba/1610612742/global/L/logo.svg,
20260826,20270319,401910769,1,Mar 19,2027-03-20T02:00Z,Chase Center,GSW,Warriors,Golden State,https://cdn.nba.com/logos/nba/1610612744/global/L/logo.svg,,POR,Trail Blazers,Portland,https://cdn.nba.com/logos/nba/1610612757/global/L/logo.svg,
20260826,20270319,401910770,1,Mar 19,2027-03-20T02:00Z,crypto.com Arena,LAL,Lakers,Los Angeles,https://cdn.nba.com/logos/nba/1610612747/global/L/logo.svg,,ATL,Hawks,Atlanta,https://cdn.nba.com/logos/nba/1610612737/global/L/logo.svg,
20260826,20270319,401910771,1,Mar 19,2027-03-20T02:30Z,Mortgage Matchup Center,PHX,Suns,Phoenix,https://cdn.nba.com/logos/nba/1610612756/global/L/logo.svg,,MIA,Heat,Miami,https://cdn.nba.com/logos/nba/1610612748/global/L/logo.svg,
20260826,20270320,401910772,1,Mar 20,2027-03-20T17:00Z,Madison Square Garden,NYK,Knicks,New York,https://cdn.nba.com/logos/nba/1610612752/global/L/logo.svg,,WAS,Wizards,Washington,https://cdn.nba.com/logos/nba/1610612764/global/L/logo.svg,
20260826,20270320,401910773,1,Mar 20,2027-03-20T23:00Z,Kia Center,ORL,Magic,Orlando,https://cdn.nba.com/logos/nba/1610612753/global/L/logo.svg,,DEN,Nuggets,Denver,https://cdn.nba.com/logos/nba/1610612743/global/L/logo.svg,
20260826,20270320,401910774,1,Mar 20,2027-03-20T23:30Z,Rocket Arena,CLE,Cavaliers,Cleveland,https://cdn.nba.com/logos/nba/1610612739/global/L/logo.svg,,CHI,Bulls,Chicago,https://cdn.nba.com/logos/nba/1610612741/global/L/logo.svg,
20260826,20270320,401910775,1,Mar 20,2027-03-21T00:00Z,Little Caesars Arena,DET,Pistons,Detroit,https://cdn.nba.com/logos/nba/1610612765/global/L/logo.svg,,CHA,Hornets,Charlotte,https://cdn.nba.com/logos/nba/1610612766/global/L/logo.svg,
20260826,20270320,401910776,1,Mar 20,2027-03-21T00:00Z,FedExForum,MEM,Grizzlies,Memphis,https://cdn.nba.com/logos/nba/1610612763/global/L/logo.svg,,OKC,Thunder,Oklahoma City,https://cdn.nba.com/logos/nba/1610612760/global/L/logo.svg,
20260826,20270320,401910777,1,Mar 20,2027-03-21T00:00Z,Fiserv Forum,MIL,Bucks,Milwaukee,https://cdn.nba.com/logos/nba/1610612749/global/L/logo.svg,,IND,Pacers,Indiana,https://cdn.nba.com/logos/nba/1610612754/global/L/logo.svg,
20260826,20270320,401910778,1,Mar 20,2027-03-21T02:30Z,Intuit Dome,LAC,Clippers,LA,https://cdn.nba.com/logos/nba/1610612746/global/L/logo.svg,,ATL,Hawks,Atlanta,https://cdn.nba.com/logos/nba/1610612737/global/L/logo.svg,
20260826,20270321,401910779,1,Mar 21,2027-03-21T19:00Z,TD Garden,BOS,Celtics,Boston,https://cdn.nba.com/logos/nba/1610612738/global/L/logo.svg,,NOP,Pelicans,New Orleans,https://cdn.nba.com/logos/nba/1610612740/global/L/logo.svg,
20260826,20270321,401910780,1,Mar 21,2027-03-21T19:00Z,Barclays Center,BKN,Nets,Brooklyn,https://cdn.nba.com/logos/nba/1610612751/global/L/logo.svg,,SAC,Kings,Sacramento,https://cdn.nba.com/logos/nba/1610612758/global/L/logo.svg,
20260826,20270321,401910781,1,Mar 21,2027-03-21T21:00Z,Delta Center,UTAH,Jazz,Utah,https://a.espncdn.com/i/teamlogos/nba/500/scoreboard/utah.png,,TOR,Raptors,Toronto,https://cdn.nba.com/logos/nba/1610612761/global/L/logo.svg,
20260826,20270321,401910782,1,Mar 21,2027-03-21T21:00Z,Mortgage Matchup Center,PHX,Suns,Phoenix,https://cdn.nba.com/logos/nba/1610612756/global/L/logo.svg,,POR,Trail Blazers,Portland,https://cdn.nba.com/logos/nba/1610612757/global/L/logo.svg,
20260826,20270321,401910783,1,Mar 21,2027-03-21T22:00Z,Kaseya Center,MIA,Heat,Miami,https://cdn.nba.com/logos/nba/1610612748/global/L/logo.svg,,DEN,Nuggets,Denver,https://cdn.nba.com/logos/nba/1610612743/global/L/logo.svg,
20260826,20270321,401910784,1,Mar 21,2027-03-21T23:30Z,Xfinity Mobile Arena,PHI,76ers,Philadelphia,https://cdn.nba.com/logos/nba/1610612755/global/L/logo.svg,,SAS,Spurs,San Antonio,https://cdn.nba.com/logos/nba/1610612759/global/L/logo.svg,
20260826,20270321,401910785,1,Mar 21,2027-03-22T02:00Z,crypto.com Arena,LAL,Lakers,Los Angeles,https://cdn.nba.com/logos/nba/1610612747/global/L/logo.svg,,DAL,Mavericks,Dallas,https://cdn.nba.com/logos/nba/1610612742/global/L/logo.svg,
20260826,20270322,401910786,1,Mar 22,2027-03-22T23:00Z,Rocket Arena,CLE,Cavaliers,Cleveland,https://cdn.nba.com/logos/nba/1610612739/global/L/logo.svg,,HOU,Rockets,Houston,https://cdn.nba.com/logos/nba/1610612745/global/L/logo.svg,
20260826,20270322,401910787,1,Mar 22,2027-03-22T23:00Z,Kia Center,ORL,Magic,Orlando,https://cdn.nba.com/logos/nba/1610612753/global/L/logo.svg,,IND,Pacers,Indiana,https://cdn.nba.com/logos/nba/1610612754/global/L/logo.svg,
20260826,20270322,401910788,1,Mar 22,2027-03-23T00:00Z,United Center,CHI,Bulls,Chicago,https://cdn.nba.com/logos/nba/1610612741/global/L/logo.svg,,SAC,Kings,Sacramento,https://cdn.nba.com/logos/nba/1610612758/global/L/logo.svg,
20260826,20270322,401910789,1,Mar 22,2027-03-23T00:00Z,FedExForum,MEM,Grizzlies,Memphis,https://cdn.nba.com/logos/nba/1610612763/global/L/logo.svg,,CHA,Hornets,Charlotte,https://cdn.nba.com/logos/nba/1610612766/global/L/logo.svg,
20260826,20270322,401910790,1,Mar 22,2027-03-23T00:00Z,Fiserv Forum,MIL,Bucks,Milwaukee,https://cdn.nba.com/logos/nba/1610612749/global/L/logo.svg,,WAS,Wizards,Washington,https://cdn.nba.com/logos/nba/1610612764/global/L/logo.svg,
20260826,20270322,401910791,1,Mar 22,2027-03-23T01:30Z,Target Center,MIN,Timberwolves,Minnesota,https://cdn.nba.com/logos/nba/1610612750/global/L/logo.svg,,DET,Pistons,Detroit,https://cdn.nba.com/logos/nba/1610612765/global/L/logo.svg,
20260826,20270322,401910792,1,Mar 22,2027-03-23T02:00Z,Chase Center,GSW,Warriors,Golden State,https://cdn.nba.com/logos/nba/1610612744/global/L/logo.svg,,ATL,Hawks,Atlanta,https://cdn.nba.com/logos/nba/1610612737/global/L/logo.svg,
20260826,20270322,401910793,1,Mar 22,2027-03-23T02:30Z,Intuit Dome,LAC,Clippers,LA,https://cdn.nba.com/logos/nba/1610612746/global/L/logo.svg,,DAL,Mavericks,Dallas,https://cdn.nba.com/logos/nba/1610612742/global/L/logo.svg,
20260826,20270323,401910794,1,Mar 23,2027-03-23T23:30Z,Barclays Center,BKN,Nets,Brooklyn,https://cdn.nba.com/logos/nba/1610612751/global/L/logo.svg,,BOS,Celtics,Boston,https://cdn.nba.com/logos/nba/1610612738/global/L/logo.svg,
20260826,20270323,401910795,1,Mar 23,2027-03-23T23:30Z,Madison Square Garden,NYK,Knicks,New York,https://cdn.nba.com/logos/nba/1610612752/global/L/logo.svg,,NOP,Pelicans,New Orleans,https://cdn.nba.com/logos/nba/1610612740/global/L/logo.svg,
20260826,20270323,401910796,1,Mar 23,2027-03-24T00:00Z,Kaseya Center,MIA,Heat,Miami,https://cdn.nba.com/logos/nba/1610612748/global/L/logo.svg,,LAL,Lakers,Los Angeles,https://cdn.nba.com/logos/nba/1610612747/global/L/logo.svg,
20260826,20270323,401910797,1,Mar 23,2027-03-24T01:00Z,Delta Center,UTAH,Jazz,Utah,https://a.espncdn.com/i/teamlogos/nba/500/scoreboard/utah.png,,PHI,76ers,Philadelphia,https://cdn.nba.com/logos/nba/1610612755/global/L/logo.svg,
20260826,20270323,401910798,1,Mar 23,2027-03-24T02:00Z,Moda Center,POR,Trail Blazers,Portland,https://cdn.nba.com/logos/nba/1610612757/global/L/logo.svg,,TOR,Raptors,Toronto,https://cdn.nba.com/logos/nba/1610612761/global/L/logo.svg,
20260826,20270323,401910799,1,Mar 23,2027-03-24T03:00Z,Mortgage Matchup Center,PHX,Suns,Phoenix,https://cdn.nba.com/logos/nba/1610612756/global/L/logo.svg,,OKC,Thunder,Oklahoma City,https://cdn.nba.com/logos/nba/1610612760/global/L/logo.svg,
20260826,20270324,401910800,1,Mar 24,2027-03-24T23:00Z,Spectrum Center,CHA,Hornets,Charlotte,https://cdn.nba.com/logos/nba/1610612766/global/L/logo.svg,,DET,Pistons,Detroit,https://cdn.nba.com/logos/nba/1610612765/global/L/logo.svg,
20260826,20270324,401910801,1,Mar 24,2027-03-24T23:00Z,Gainbridge Fieldhouse,IND,Pacers,Indiana,https://cdn.nba.com/logos/nba/1610612754/global/L/logo.svg,,MEM,Grizzlies,Memphis,https://cdn.nba.com/logos/nba/1610612763/global/L/logo.svg,
20260826,20270324,401910802,1,Mar 24,2027-03-24T23:00Z,Capital One Arena,WAS,Wizards,Washington,https://cdn.nba.com/logos/nba/1610612764/global/L/logo.svg,,DEN,Nuggets,Denver,https://cdn.nba.com/logos/nba/1610612743/global/L/logo.svg,
20260826,20270324,401910803,1,Mar 24,2027-03-24T23:30Z,TD Garden,BOS,Celtics,Boston,https://cdn.nba.com/logos/nba/1610612738/global/L/logo.svg,,SAS,Spurs,San Antonio,https://cdn.nba.com/logos/nba/1610612759/global/L/logo.svg,
20260826,20270324,401910804,1,Mar 24,2027-03-24T23:30Z,Madison Square Garden,NYK,Knicks,New York,https://cdn.nba.com/logos/nba/1610612752/global/L/logo.svg,,HOU,Rockets,Houston,https://cdn.nba.com/logos/nba/1610612745/global/L/logo.svg,
20260826,20270324,401910805,1,Mar 24,2027-03-25T00:00Z,United Center,CHI,Bulls,Chicago,https://cdn.nba.com/logos/nba/1610612741/global/L/logo.svg,,ORL,Magic,Orlando,https://cdn.nba.com/logos/nba/1610612753/global/L/logo.svg,
20260826,20270324,401910806,1,Mar 24,2027-03-25T00:00Z,Target Center,MIN,Timberwolves,Minnesota,https://cdn.nba.com/logos/nba/1610612750/global/L/logo.svg,,DAL,Mavericks,Dallas,https://cdn.nba.com/logos/nba/1610612742/global/L/logo.svg,
20260826,20270324,401910807,1,Mar 24,2027-03-25T02:00Z,Chase Center,GSW,Warriors,Golden State,https://cdn.nba.com/logos/nba/1610612744/global/L/logo.svg,,PHI,76ers,Philadelphia,https://cdn.nba.com/logos/nba/1610612755/global/L/logo.svg,
20260826,20270324,401910808,1,Mar 24,2027-03-25T02:00Z,Mortgage Matchup Center,PHX,Suns,Phoenix,https://cdn.nba.com/logos/nba/1610612756/global/L/logo.svg,,OKC,Thunder,Oklahoma City,https://cdn.nba.com/logos/nba/1610612760/global/L/logo.svg,
20260826,20270324,401910809,1,Mar 24,2027-03-25T02:00Z,Golden 1 Center,SAC,Kings,Sacramento,https://cdn.nba.com/logos/nba/1610612758/global/L/logo.svg,,ATL,Hawks,Atlanta,https://cdn.nba.com/logos/nba/1610612737/global/L/logo.svg,
20260826,20270324,401910810,1,Mar 24,2027-03-25T02:30Z,Intuit Dome,LAC,Clippers,LA,https://cdn.nba.com/logos/nba/1610612746/global/L/logo.svg,,MIL,Bucks,Milwaukee,https://cdn.nba.com/logos/nba/1610612749/global/L/logo.svg,
20260826,20270325,401910811,1,Mar 25,2027-03-25T23:00Z,Rocket Arena,CLE,Cavaliers,Cleveland,https://cdn.nba.com/logos/nba/1610612739/global/L/logo.svg,,LAL,Lakers,Los Angeles,https://cdn.nba.com/logos/nba/1610612747/global/L/logo.svg,
20260826,20270325,401910812,1,Mar 25,2027-03-25T23:00Z,Little Caesars Arena,DET,Pistons,Detroit,https://cdn.nba.com/logos/nba/1610612765/global/L/logo.svg,,HOU,Rockets,Houston,https://cdn.nba.com/logos/nba/1610612745/global/L/logo.svg,
20260826,20270325,401910813,1,Mar 25,2027-03-25T23:00Z,Gainbridge Fieldhouse,IND,Pacers,Indiana,https://cdn.nba.com/logos/nba/1610612754/global/L/logo.svg,,SAS,Spurs,San Antonio,https://cdn.nba.com/logos/nba/1610612759/global/L/logo.svg,
20260826,20270325,401910814,1,Mar 25,2027-03-25T23:30Z,Barclays Center,BKN,Nets,Brooklyn,https://cdn.nba.com/logos/nba/1610612751/global/L/logo.svg,,DEN,Nuggets,Denver,https://cdn.nba.com/logos/nba/1610612743/global/L/logo.svg,
20260826,20270325,401910815,1,Mar 25,2027-03-25T23:30Z,Kaseya Center,MIA,Heat,Miami,https://cdn.nba.com/logos/nba/1610612748/global/L/logo.svg,,UTAH,Jazz,Utah,https://a.espncdn.com/i/teamlogos/nba/500/scoreboard/utah.png,
20260826,20270325,401910816,1,Mar 25,2027-03-26T00:00Z,FedExForum,MEM,Grizzlies,Memphis,https://cdn.nba.com/logos/nba/1610612763/global/L/logo.svg,,CHI,Bulls,Chicago,https://cdn.nba.com/logos/nba/1610612741/global/L/logo.svg,
20260826,20270325,401910817,1,Mar 25,2027-03-26T02:00Z,Chase Center,GSW,Warriors,Golden State,https://cdn.nba.com/logos/nba/1610612744/global/L/logo.svg,,TOR,Raptors,Toronto,https://cdn.nba.com/logos/nba/1610612761/global/L/logo.svg,
20260826,20270326,401910818,1,Mar 26,2027-03-26T23:00Z,Spectrum Center,CHA,Hornets,Charlotte,https://cdn.nba.com/logos/nba/1610612766/global/L/logo.svg,,NYK,Knicks,New York,https://cdn.nba.com/logos/nba/1610612752/global/L/logo.svg,
20260826,20270326,401910819,1,Mar 26,2027-03-27T00:00Z,American Airlines Center,DAL,Mavericks,Dallas,https://cdn.nba.com/logos/nba/1610612742/global/L/logo.svg,,NOP,Pelicans,New Orleans,https://cdn.nba.com/logos/nba/1610612740/global/L/logo.svg,
20260826,20270326,401910820,1,Mar 26,2027-03-27T00:00Z,Target Center,MIN,Timberwolves,Minnesota,https://cdn.nba.com/logos/nba/1610612750/global/L/logo.svg,,ORL,Magic,Orlando,https://cdn.nba.com/logos/nba/1610612753/global/L/logo.svg,
20260826,20270326,401910821,1,Mar 26,2027-03-27T00:00Z,Paycom Center,OKC,Thunder,Oklahoma City,https://cdn.nba.com/logos/nba/1610612760/global/L/logo.svg,,LAC,Clippers,LA,https://cdn.nba.com/logos/nba/1610612746/global/L/logo.svg,
20260826,20270326,401910822,1,Mar 26,2027-03-27T02:00Z,Mortgage Matchup Center,PHX,Suns,Phoenix,https://cdn.nba.com/logos/nba/1610612756/global/L/logo.svg,,MIL,Bucks,Milwaukee,https://cdn.nba.com/logos/nba/1610612749/global/L/logo.svg,
20260826,20270326,401910823,1,Mar 26,2027-03-27T02:00Z,Moda Center,POR,Trail Blazers,Portland,https://cdn.nba.com/logos/nba/1610612757/global/L/logo.svg,,PHI,76ers,Philadelphia,https://cdn.nba.com/logos/nba/1610612755/global/L/logo.svg,
20260826,20270327,401910824,1,Mar 27,2027-03-27T19:00Z,Little Caesars Arena,DET,Pistons,Detroit,https://cdn.nba.com/logos/nba/1610612765/global/L/logo.svg,,SAS,Spurs,San Antonio,https://cdn.nba.com/logos/nba/1610612759/global/L/logo.svg,
20260826,20270327,401910825,1,Mar 27,2027-03-27T23:00Z,State Farm Arena,ATL,Hawks,Atlanta,https://cdn.nba.com/logos/nba/1610612737/global/L/logo.svg,,UTAH,Jazz,Utah,https://a.espncdn.com/i/teamlogos/nba/500/scoreboard/utah.png,
20260826,20270327,401910826,1,Mar 27,2027-03-27T23:00Z,Capital One Arena,WAS,Wizards,Washington,https://cdn.nba.com/logos/nba/1610612764/global/L/logo.svg,,GSW,Warriors,Golden State,https://cdn.nba.com/logos/nba/1610612744/global/L/logo.svg,
20260826,20270327,401910827,1,Mar 27,2027-03-28T00:00Z,Kaseya Center,MIA,Heat,Miami,https://cdn.nba.com/logos/nba/1610612748/global/L/logo.svg,,BOS,Celtics,Boston,https://cdn.nba.com/logos/nba/1610612738/global/L/logo.svg,
20260826,20270327,401910828,1,Mar 27,2027-03-28T00:00Z,United Center,CHI,Bulls,Chicago,https://cdn.nba.com/logos/nba/1610612741/global/L/logo.svg,,LAC,Clippers,LA,https://cdn.nba.com/logos/nba/1610612746/global/L/logo.svg,
20260826,20270327,401910829,1,Mar 27,2027-03-28T02:00Z,Moda Center,POR,Trail Blazers,Portland,https://cdn.nba.com/logos/nba/1610612757/global/L/logo.svg,,MIL,Bucks,Milwaukee,https://cdn.nba.com/logos/nba/1610612749/global/L/logo.svg,
20260826,20270327,401910830,1,Mar 27,2027-03-28T02:00Z,Golden 1 Center,SAC,Kings,Sacramento,https://cdn.nba.com/logos/nba/1610612758/global/L/logo.svg,,TOR,Raptors,Toronto,https://cdn.nba.com/logos/nba/1610612761/global/L/logo.svg,
20260826,20270328,401910831,1,Mar 28,2027-03-28T16:30Z,Kia Center,ORL,Magic,Orlando,https://cdn.nba.com/logos/nba/1610612753/global/L/logo.svg,,NYK,Knicks,New York,https://cdn.nba.com/logos/nba/1610612752/global/L/logo.svg,
20260826,20270328,401910832,1,Mar 28,2027-03-28T19:00Z,Barclays Center,BKN,Nets,Brooklyn,https://cdn.nba.com/logos/nba/1610612751/global/L/logo.svg,,MEM,Grizzlies,Memphis,https://cdn.nba.com/logos/nba/1610612763/global/L/logo.svg,
20260826,20270328,401910833,1,Mar 28,2027-03-28T19:00Z,Toyota Center (Houston),HOU,Rockets,Houston,https://cdn.nba.com/logos/nba/1610612745/global/L/logo.svg,,LAL,Lakers,Los Angeles,https://cdn.nba.com/logos/nba/1610612747/global/L/logo.svg,
20260826,20270328,401910834,1,Mar 28,2027-03-28T22:00Z,Spectrum Center,CHA,Hornets,Charlotte,https://cdn.nba.com/logos/nba/1610612766/global/L/logo.svg,,UTAH,Jazz,Utah,https://a.espncdn.com/i/teamlogos/nba/500/scoreboard/utah.png,
20260826,20270328,401910835,1,Mar 28,2027-03-28T22:00Z,Capital One Arena,WAS,Wizards,Washington,https://cdn.nba.com/logos/nba/1610612764/global/L/logo.svg,,DAL,Mavericks,Dallas,https://cdn.nba.com/logos/nba/1610612742/global/L/logo.svg,
20260826,20270328,401910836,1,Mar 28,2027-03-28T23:00Z,Smoothie King Center,NOP,Pelicans,New Orleans,https://cdn.nba.com/logos/nba/1610612740/global/L/logo.svg,,BOS,Celtics,Boston,https://cdn.nba.com/logos/nba/1610612738/global/L/logo.svg,
20260826,20270328,401910837,1,Mar 28,2027-03-28T23:30Z,Target Center,MIN,Timberwolves,Minnesota,https://cdn.nba.com/logos/nba/1610612750/global/L/logo.svg,,OKC,Thunder,Oklahoma City,https://cdn.nba.com/logos/nba/1610612760/global/L/logo.svg,
20260826,20270328,401910838,1,Mar 28,2027-03-29T01:00Z,Mortgage Matchup Center,PHX,Suns,Phoenix,https://cdn.nba.com/logos/nba/1610612756/global/L/logo.svg,,TOR,Raptors,Toronto,https://cdn.nba.com/logos/nba/1610612761/global/L/logo.svg,
20260826,20270328,401910839,1,Mar 28,2027-03-29T02:00Z,Ball Arena,DEN,Nuggets,Denver,https://cdn.nba.com/logos/nba/1610612743/global/L/logo.svg,,PHI,76ers,Philadelphia,https://cdn.nba.com/logos/nba/1610612755/global/L/logo.svg,
20260826,20270329,401910840,1,Mar 29,2027-03-29T23:00Z,State Farm Arena,ATL,Hawks,Atlanta,https://cdn.nba.com/logos/nba/1610612737/global/L/logo.svg,,MIN,Timberwolves,Minnesota,https://cdn.nba.com/logos/nba/1610612750/global/L/logo.svg,
20260826,20270329,401910841,1,Mar 29,2027-03-29T23:00Z,Rocket Arena,CLE,Cavaliers,Cleveland,https://cdn.nba.com/logos/nba/1610612739/global/L/logo.svg,,MIA,Heat,Miami,https://cdn.nba.com/logos/nba/1610612748/global/L/logo.svg,
20260826,20270329,401910842,1,Mar 29,2027-03-29T23:00Z,Little Caesars Arena,DET,Pistons,Detroit,https://cdn.nba.com/logos/nba/1610612765/global/L/logo.svg,,LAC,Clippers,LA,https://cdn.nba.com/logos/nba/1610612746/global/L/logo.svg,
20260826,20270329,401910843,1,Mar 29,2027-03-29T23:30Z,Barclays Center,BKN,Nets,Brooklyn,https://cdn.nba.com/logos/nba/1610612751/global/L/logo.svg,,GSW,Warriors,Golden State,https://cdn.nba.com/logos/nba/1610612744/global/L/logo.svg,
20260826,20270329,401910844,1,Mar 29,2027-03-30T00:00Z,United Center,CHI,Bulls,Chicago,https://cdn.nba.com/logos/nba/1610612741/global/L/logo.svg,,IND,Pacers,Indiana,https://cdn.nba.com/logos/nba/1610612754/global/L/logo.svg,
20260826,20270329,401910845,1,Mar 29,2027-03-30T00:00Z,Fiserv Forum,MIL,Bucks,Milwaukee,https://cdn.nba.com/logos/nba/1610612749/global/L/logo.svg,,DAL,Mavericks,Dallas,https://cdn.nba.com/logos/nba/1610612742/global/L/logo.svg,
20260826,20270329,401910846,1,Mar 29,2027-03-30T01:30Z,Frost Bank Center,SAS,Spurs,San Antonio,https://cdn.nba.com/logos/nba/1610612759/global/L/logo.svg,,PHX,Suns,Phoenix,https://cdn.nba.com/logos/nba/1610612756/global/L/logo.svg,
20260826,20270329,401910847,1,Mar 29,2027-03-30T02:00Z,Golden 1 Center,SAC,Kings,Sacramento,https://cdn.nba.com/logos/nba/1610612758/global/L/logo.svg,,DEN,Nuggets,Denver,https://cdn.nba.com/logos/nba/1610612743/global/L/logo.svg,
20260826,20270330,401910848,1,Mar 30,2027-03-30T23:00Z,Spectrum Center,CHA,Hornets,Charlotte,https://cdn.nba.com/logos/nba/1610612766/global/L/logo.svg,,MIA,Heat,Miami,https://cdn.nba.com/logos/nba/1610612748/global/L/logo.svg,
20260826,20270330,401910849,1,Mar 30,2027-03-31T00:00Z,Gainbridge Fieldhouse,IND,Pacers,Indiana,https://cdn.nba.com/logos/nba/1610612754/global/L/logo.svg,,BOS,Celtics,Boston,https://cdn.nba.com/logos/nba/1610612738/global/L/logo.svg,
20260826,20270330,401910850,1,Mar 30,2027-03-31T00:00Z,Kia Center,ORL,Magic,Orlando,https://cdn.nba.com/logos/nba/1610612753/global/L/logo.svg,,NYK,Knicks,New York,https://cdn.nba.com/logos/nba/1610612752/global/L/logo.svg,
20260826,20270330,401910851,1,Mar 30,2027-03-31T00:00Z,FedExForum,MEM,Grizzlies,Memphis,https://cdn.nba.com/logos/nba/1610612763/global/L/logo.svg,,LAL,Lakers,Los Angeles,https://cdn.nba.com/logos/nba/1610612747/global/L/logo.svg,
20260826,20270330,401910852,1,Mar 30,2027-03-31T01:00Z,Delta Center,UTAH,Jazz,Utah,https://a.espncdn.com/i/teamlogos/nba/500/scoreboard/utah.png,,OKC,Thunder,Oklahoma City,https://cdn.nba.com/logos/nba/1610612760/global/L/logo.svg,
20260826,20270330,401910853,1,Mar 30,2027-03-31T03:00Z,Moda Center,POR,Trail Blazers,Portland,https://cdn.nba.com/logos/nba/1610612757/global/L/logo.svg,,HOU,Rockets,Houston,https://cdn.nba.com/logos/nba/1610612745/global/L/logo.svg,
20260826,20270331,401910854,1,Mar 31,2027-03-31T23:00Z,State Farm Arena,ATL,Hawks,Atlanta,https://cdn.nba.com/logos/nba/1610612737/global/L/logo.svg,,LAC,Clippers,LA,https://cdn.nba.com/logos/nba/1610612746/global/L/logo.svg,
20260826,20270331,401910855,1,Mar 31,2027-03-31T23:00Z,Little Caesars Arena,DET,Pistons,Detroit,https://cdn.nba.com/logos/nba/1610612765/global/L/logo.svg,,TOR,Raptors,Toronto,https://cdn.nba.com/logos/nba/1610612761/global/L/logo.svg,
20260826,20270331,401910856,1,Mar 31,2027-03-31T23:00Z,Xfinity Mobile Arena,PHI,76ers,Philadelphia,https://cdn.nba.com/logos/nba/1610612755/global/L/logo.svg,,GSW,Warriors,Golden State,https://cdn.nba.com/logos/nba/1610612744/global/L/logo.svg,
20260826,20270331,401910857,1,Mar 31,2027-03-31T23:00Z,Capital One Arena,WAS,Wizards,Washington,https://cdn.nba.com/logos/nba/1610612764/global/L/logo.svg,,CHI,Bulls,Chicago,https://cdn.nba.com/logos/nba/1610612741/global/L/logo.svg,
20260826,20270331,401910858,1,Mar 31,2027-03-31T23:30Z,Barclays Center,BKN,Nets,Brooklyn,https://cdn.nba.com/logos/nba/1610612751/global/L/logo.svg,,CLE,Cavaliers,Cleveland,https://cdn.nba.com/logos/nba/1610612739/global/L/logo.svg,
20260826,20270331,401910859,1,Mar 31,2027-04-01T00:00Z,Fiserv Forum,MIL,Bucks,Milwaukee,https://cdn.nba.com/logos/nba/1610612749/global/L/logo.svg,,NOP,Pelicans,New Orleans,https://cdn.nba.com/logos/nba/1610612740/global/L/logo.svg,
20260826,20270331,401910860,1,Mar 31,2027-04-01T00:00Z,Target Center,MIN,Timberwolves,Minnesota,https://cdn.nba.com/logos/nba/1610612750/global/L/logo.svg,,SAC,Kings,Sacramento,https://cdn.nba.com/logos/nba/1610612758/global/L/logo.svg,
20260826,20270331,401910861,1,Mar 31,2027-04-01T00:00Z,Frost Bank Center,SAS,Spurs,San Antonio,https://cdn.nba.com/logos/nba/1610612759/global/L/logo.svg,,PHX,Suns,Phoenix,https://cdn.nba.com/logos/nba/1610612756/global/L/logo.svg,
20260826,20270331,401910862,1,Mar 31,2027-04-01T01:30Z,American Airlines Center,DAL,Mavericks,Dallas,https://cdn.nba.com/logos/nba/1610612742/global/L/logo.svg,,DEN,Nuggets,Denver,https://cdn.nba.com/logos/nba/1610612743/global/L/logo.svg,
20260826,20270331,401910863,1,Mar 31,2027-04-01T02:00Z,Moda Center,POR,Trail Blazers,Portland,https://cdn.nba.com/logos/nba/1610612757/global/L/logo.svg,,HOU,Rockets,Houston,https://cdn.nba.com/logos/nba/1610612745/global/L/logo.svg,
20260826,20270401,401910864,1,Apr 01,2027-04-01T23:00Z,Rocket Arena,CLE,Cavaliers,Cleveland,https://cdn.nba.com/logos/nba/1610612739/global/L/logo.svg,,BOS,Celtics,Boston,https://cdn.nba.com/logos/nba/1610612738/global/L/logo.svg,
20260826,20270401,401910865,1,Apr 01,2027-04-01T23:00Z,Gainbridge Fieldhouse,IND,Pacers,Indiana,https://cdn.nba.com/logos/nba/1610612754/global/L/logo.svg,,ORL,Magic,Orlando,https://cdn.nba.com/logos/nba/1610612753/global/L/logo.svg,
20260826,20270401,401910866,1,Apr 01,2027-04-01T23:30Z,Madison Square Garden,NYK,Knicks,New York,https://cdn.nba.com/logos/nba/1610612752/global/L/logo.svg,,CHA,Hornets,Charlotte,https://cdn.nba.com/logos/nba/1610612766/global/L/logo.svg,
20260826,20270401,401910867,1,Apr 01,2027-04-02T01:30Z,Paycom Center,OKC,Thunder,Oklahoma City,https://cdn.nba.com/logos/nba/1610612760/global/L/logo.svg,,LAL,Lakers,Los Angeles,https://cdn.nba.com/logos/nba/1610612747/global/L/logo.svg,
20260826,20270402,401910868,1,Apr 02,2027-04-02T23:00Z,Capital One Arena,WAS,Wizards,Washington,https://cdn.nba.com/logos/nba/1610612764/global/L/logo.svg,,PHI,76ers,Philadelphia,https://cdn.nba.com/logos/nba/1610612755/global/L/logo.svg,
20260826,20270402,401910869,1,Apr 02,2027-04-02T23:30Z,TD Garden,BOS,Celtics,Boston,https://cdn.nba.com/logos/nba/1610612738/global/L/logo.svg,,MIA,Heat,Miami,https://cdn.nba.com/logos/nba/1610612748/global/L/logo.svg,
20260826,20270402,401910870,1,Apr 02,2027-04-02T23:30Z,Barclays Center,BKN,Nets,Brooklyn,https://cdn.nba.com/logos/nba/1610612751/global/L/logo.svg,,NYK,Knicks,New York,https://cdn.nba.com/logos/nba/1610612752/global/L/logo.svg,
20260826,20270402,401910871,1,Apr 02,2027-04-02T23:30Z,Target Center,MIN,Timberwolves,Minnesota,https://cdn.nba.com/logos/nba/1610612750/global/L/logo.svg,,GSW,Warriors,Golden State,https://cdn.nba.com/logos/nba/1610612744/global/L/logo.svg,
20260826,20270402,401910872,1,Apr 02,2027-04-03T00:00Z,United Center,CHI,Bulls,Chicago,https://cdn.nba.com/logos/nba/1610612741/global/L/logo.svg,,DET,Pistons,Detroit,https://cdn.nba.com/logos/nba/1610612765/global/L/logo.svg,
20260826,20270402,401910873,1,Apr 02,2027-04-03T00:00Z,American Airlines Center,DAL,Mavericks,Dallas,https://cdn.nba.com/logos/nba/1610612742/global/L/logo.svg,,SAC,Kings,Sacramento,https://cdn.nba.com/logos/nba/1610612758/global/L/logo.svg,
20260826,20270402,401910874,1,Apr 02,2027-04-03T00:00Z,Fiserv Forum,MIL,Bucks,Milwaukee,https://cdn.nba.com/logos/nba/1610612749/global/L/logo.svg,,CHA,Hornets,Charlotte,https://cdn.nba.com/logos/nba/1610612766/global/L/logo.svg,
20260826,20270402,401910875,1,Apr 02,2027-04-03T00:30Z,Scotiabank Arena,TOR,Raptors,Toronto,https://cdn.nba.com/logos/nba/1610612761/global/L/logo.svg,,ATL,Hawks,Atlanta,https://cdn.nba.com/logos/nba/1610612737/global/L/logo.svg,
20260826,20270402,401910876,1,Apr 02,2027-04-03T00:30Z,Toyota Center (Houston),HOU,Rockets,Houston,https://cdn.nba.com/logos/nba/1610612745/global/L/logo.svg,,MEM,Grizzlies,Memphis,https://cdn.nba.com/logos/nba/1610612763/global/L/logo.svg,
20260826,20270402,401910877,1,Apr 02,2027-04-03T02:00Z,Mortgage Matchup Center,PHX,Suns,Phoenix,https://cdn.nba.com/logos/nba/1610612756/global/L/logo.svg,,DEN,Nuggets,Denver,https://cdn.nba.com/logos/nba/1610612743/global/L/logo.svg,
20260826,20270402,401910878,1,Apr 02,2027-04-03T02:00Z,Moda Center,POR,Trail Blazers,Portland,https://cdn.nba.com/logos/nba/1610612757/global/L/logo.svg,,UTAH,Jazz,Utah,https://a.espncdn.com/i/teamlogos/nba/500/scoreboard/utah.png,
20260826,20270402,401910879,1,Apr 02,2027-04-03T02:30Z,Intuit Dome,LAC,Clippers,LA,https://cdn.nba.com/logos/nba/1610612746/global/L/logo.svg,,SAS,Spurs,San Antonio,https://cdn.nba.com/logos/nba/1610612759/global/L/logo.svg,
20260826,20270403,401910880,1,Apr 03,2027-04-03T21:00Z,Paycom Center,OKC,Thunder,Oklahoma City,https://cdn.nba.com/logos/nba/1610612760/global/L/logo.svg,,NOP,Pelicans,New Orleans,https://cdn.nba.com/logos/nba/1610612740/global/L/logo.svg,
20260826,20270403,401910881,1,Apr 03,2027-04-03T23:00Z,Kia Center,ORL,Magic,Orlando,https://cdn.nba.com/logos/nba/1610612753/global/L/logo.svg,,WAS,Wizards,Washington,https://cdn.nba.com/logos/nba/1610612764/global/L/logo.svg,
20260826,20270404,401910882,1,Apr 04,2027-04-04T17:00Z,Xfinity Mobile Arena,PHI,76ers,Philadelphia,https://cdn.nba.com/logos/nba/1610612755/global/L/logo.svg,,ATL,Hawks,Atlanta,https://cdn.nba.com/logos/nba/1610612737/global/L/logo.svg,
20260826,20270404,401910883,1,Apr 04,2027-04-04T18:00Z,Fiserv Forum,MIL,Bucks,Milwaukee,https://cdn.nba.com/logos/nba/1610612749/global/L/logo.svg,,BKN,Nets,Brooklyn,https://cdn.nba.com/logos/nba/1610612751/global/L/logo.svg,
20260826,20270404,401910884,1,Apr 04,2027-04-04T19:00Z,Rocket Arena,CLE,Cavaliers,Cleveland,https://cdn.nba.com/logos/nba/1610612739/global/L/logo.svg,,CHA,Hornets,Charlotte,https://cdn.nba.com/logos/nba/1610612766/global/L/logo.svg,
20260826,20270404,401910885,1,Apr 04,2027-04-04T19:00Z,Little Caesars Arena,DET,Pistons,Detroit,https://cdn.nba.com/logos/nba/1610612765/global/L/logo.svg,,MIA,Heat,Miami,https://cdn.nba.com/logos/nba/1610612748/global/L/logo.svg,
20260826,20270404,401910886,1,Apr 04,2027-04-04T19:00Z,American Airlines Center,DAL,Mavericks,Dallas,https://cdn.nba.com/logos/nba/1610612742/global/L/logo.svg,,MIN,Timberwolves,Minnesota,https://cdn.nba.com/logos/nba/1610612750/global/L/logo.svg,
20260826,20270404,401910887,1,Apr 04,2027-04-04T19:30Z,Scotiabank Arena,TOR,Raptors,Toronto,https://cdn.nba.com/logos/nba/1610612761/global/L/logo.svg,,IND,Pacers,Indiana,https://cdn.nba.com/logos/nba/1610612754/global/L/logo.svg,
20260826,20270404,401910888,1,Apr 04,2027-04-04T20:00Z,Toyota Center (Houston),HOU,Rockets,Houston,https://cdn.nba.com/logos/nba/1610612745/global/L/logo.svg,,CHI,Bulls,Chicago,https://cdn.nba.com/logos/nba/1610612741/global/L/logo.svg,
20260826,20270404,401910889,1,Apr 04,2027-04-04T20:30Z,Intuit Dome,LAC,Clippers,LA,https://cdn.nba.com/logos/nba/1610612746/global/L/logo.svg,,PHX,Suns,Phoenix,https://cdn.nba.com/logos/nba/1610612756/global/L/logo.svg,
20260826,20270404,401910890,1,Apr 04,2027-04-04T21:00Z,Ball Arena,DEN,Nuggets,Denver,https://cdn.nba.com/logos/nba/1610612743/global/L/logo.svg,,MEM,Grizzlies,Memphis,https://cdn.nba.com/logos/nba/1610612763/global/L/logo.svg,
20260826,20270404,401910891,1,Apr 04,2027-04-04T21:00Z,Delta Center,UTAH,Jazz,Utah,https://a.espncdn.com/i/teamlogos/nba/500/scoreboard/utah.png,,POR,Trail Blazers,Portland,https://cdn.nba.com/logos/nba/1610612757/global/L/logo.svg,
20260826,20270404,401910892,1,Apr 04,2027-04-04T22:00Z,Golden 1 Center,SAC,Kings,Sacramento,https://cdn.nba.com/logos/nba/1610612758/global/L/logo.svg,,GSW,Warriors,Golden State,https://cdn.nba.com/logos/nba/1610612744/global/L/logo.svg,
20260826,20270404,401910893,1,Apr 04,2027-04-04T23:30Z,Madison Square Garden,NYK,Knicks,New York,https://cdn.nba.com/logos/nba/1610612752/global/L/logo.svg,,BOS,Celtics,Boston,https://cdn.nba.com/logos/nba/1610612738/global/L/logo.svg,
20260826,20270404,401910894,1,Apr 04,2027-04-05T02:00Z,crypto.com Arena,LAL,Lakers,Los Angeles,https://cdn.nba.com/logos/nba/1610612747/global/L/logo.svg,,SAS,Spurs,San Antonio,https://cdn.nba.com/logos/nba/1610612759/global/L/logo.svg,
20260826,20270405,401910895,1,Apr 05,2027-04-05T23:00Z,Rocket Arena,CLE,Cavaliers,Cleveland,https://cdn.nba.com/logos/nba/1610612739/global/L/logo.svg,,BKN,Nets,Brooklyn,https://cdn.nba.com/logos/nba/1610612751/global/L/logo.svg,
20260826,20270405,401910896,1,Apr 05,2027-04-05T23:00Z,Kia Center,ORL,Magic,Orlando,https://cdn.nba.com/logos/nba/1610612753/global/L/logo.svg,,MIA,Heat,Miami,https://cdn.nba.com/logos/nba/1610612748/global/L/logo.svg,
20260826,20270405,401910897,1,Apr 05,2027-04-06T00:00Z,Smoothie King Center,NOP,Pelicans,New Orleans,https://cdn.nba.com/logos/nba/1610612740/global/L/logo.svg,,WAS,Wizards,Washington,https://cdn.nba.com/logos/nba/1610612764/global/L/logo.svg,
20260826,20270406,401910898,1,Apr 06,2027-04-06T23:00Z,Spectrum Center,CHA,Hornets,Charlotte,https://cdn.nba.com/logos/nba/1610612766/global/L/logo.svg,,IND,Pacers,Indiana,https://cdn.nba.com/logos/nba/1610612754/global/L/logo.svg,
20260826,20270406,401910899,1,Apr 06,2027-04-06T23:30Z,Scotiabank Arena,TOR,Raptors,Toronto,https://cdn.nba.com/logos/nba/1610612761/global/L/logo.svg,,PHI,76ers,Philadelphia,https://cdn.nba.com/logos/nba/1610612755/global/L/logo.svg,
20260826,20270406,401910900,1,Apr 06,2027-04-07T00:00Z,State Farm Arena,ATL,Hawks,Atlanta,https://cdn.nba.com/logos/nba/1610612737/global/L/logo.svg,,NYK,Knicks,New York,https://cdn.nba.com/logos/nba/1610612752/global/L/logo.svg,
20260826,20270406,401910901,1,Apr 06,2027-04-07T00:00Z,FedExForum,MEM,Grizzlies,Memphis,https://cdn.nba.com/logos/nba/1610612763/global/L/logo.svg,,DET,Pistons,Detroit,https://cdn.nba.com/logos/nba/1610612765/global/L/logo.svg,
20260826,20270406,401910902,1,Apr 06,2027-04-07T00:00Z,Fiserv Forum,MIL,Bucks,Milwaukee,https://cdn.nba.com/logos/nba/1610612749/global/L/logo.svg,,CHI,Bulls,Chicago,https://cdn.nba.com/logos/nba/1610612741/global/L/logo.svg,
20260826,20270406,401910903,1,Apr 06,2027-04-07T00:00Z,Frost Bank Center,SAS,Spurs,San Antonio,https://cdn.nba.com/logos/nba/1610612759/global/L/logo.svg,,SAC,Kings,Sacramento,https://cdn.nba.com/logos/nba/1610612758/global/L/logo.svg,
20260826,20270406,401910904,1,Apr 06,2027-04-07T01:00Z,Ball Arena,DEN,Nuggets,Denver,https://cdn.nba.com/logos/nba/1610612743/global/L/logo.svg,,NOP,Pelicans,New Orleans,https://cdn.nba.com/logos/nba/1610612740/global/L/logo.svg,
20260826,20270406,401910905,1,Apr 06,2027-04-07T01:00Z,Delta Center,UTAH,Jazz,Utah,https://a.espncdn.com/i/teamlogos/nba/500/scoreboard/utah.png,,OKC,Thunder,Oklahoma City,https://cdn.nba.com/logos/nba/1610612760/global/L/logo.svg,
20260826,20270406,401910906,1,Apr 06,2027-04-07T02:00Z,crypto.com Arena,LAL,Lakers,Los Angeles,https://cdn.nba.com/logos/nba/1610612747/global/L/logo.svg,,DAL,Mavericks,Dallas,https://cdn.nba.com/logos/nba/1610612742/global/L/logo.svg,
20260826,20270406,401910907,1,Apr 06,2027-04-07T02:30Z,Intuit Dome,LAC,Clippers,LA,https://cdn.nba.com/logos/nba/1610612746/global/L/logo.svg,,MIN,Timberwolves,Minnesota,https://cdn.nba.com/logos/nba/1610612750/global/L/logo.svg,
20260826,20270406,401910908,1,Apr 06,2027-04-07T03:00Z,Chase Center,GSW,Warriors,Golden State,https://cdn.nba.com/logos/nba/1610612744/global/L/logo.svg,,PHX,Suns,Phoenix,https://cdn.nba.com/logos/nba/1610612756/global/L/logo.svg,
20260826,20270407,401910909,1,Apr 07,2027-04-07T23:00Z,Little Caesars Arena,DET,Pistons,Detroit,https://cdn.nba.com/logos/nba/1610612765/global/L/logo.svg,,IND,Pacers,Indiana,https://cdn.nba.com/logos/nba/1610612754/global/L/logo.svg,
20260826,20270407,401910910,1,Apr 07,2027-04-07T23:00Z,Kia Center,ORL,Magic,Orlando,https://cdn.nba.com/logos/nba/1610612753/global/L/logo.svg,,BOS,Celtics,Boston,https://cdn.nba.com/logos/nba/1610612738/global/L/logo.svg,
20260826,20270407,401910911,1,Apr 07,2027-04-07T23:30Z,Scotiabank Arena,TOR,Raptors,Toronto,https://cdn.nba.com/logos/nba/1610612761/global/L/logo.svg,,BKN,Nets,Brooklyn,https://cdn.nba.com/logos/nba/1610612751/global/L/logo.svg,
20260826,20270407,401910912,1,Apr 07,2027-04-07T23:30Z,Frost Bank Center,SAS,Spurs,San Antonio,https://cdn.nba.com/logos/nba/1610612759/global/L/logo.svg,,CLE,Cavaliers,Cleveland,https://cdn.nba.com/logos/nba/1610612739/global/L/logo.svg,
20260826,20270407,401910913,1,Apr 07,2027-04-08T00:00Z,United Center,CHI,Bulls,Chicago,https://cdn.nba.com/logos/nba/1610612741/global/L/logo.svg,,CHA,Hornets,Charlotte,https://cdn.nba.com/logos/nba/1610612766/global/L/logo.svg,
20260826,20270407,401910914,1,Apr 07,2027-04-08T00:00Z,FedExForum,MEM,Grizzlies,Memphis,https://cdn.nba.com/logos/nba/1610612763/global/L/logo.svg,,WAS,Wizards,Washington,https://cdn.nba.com/logos/nba/1610612764/global/L/logo.svg,
20260826,20270407,401910915,1,Apr 07,2027-04-08T00:30Z,Toyota Center (Houston),HOU,Rockets,Houston,https://cdn.nba.com/logos/nba/1610612745/global/L/logo.svg,,SAC,Kings,Sacramento,https://cdn.nba.com/logos/nba/1610612758/global/L/logo.svg,
20260826,20270407,401910916,1,Apr 07,2027-04-08T02:00Z,crypto.com Arena,LAL,Lakers,Los Angeles,https://cdn.nba.com/logos/nba/1610612747/global/L/logo.svg,,MIN,Timberwolves,Minnesota,https://cdn.nba.com/logos/nba/1610612750/global/L/logo.svg,
20260826,20270407,401910917,1,Apr 07,2027-04-08T02:00Z,Moda Center,POR,Trail Blazers,Portland,https://cdn.nba.com/logos/nba/1610612757/global/L/logo.svg,,DAL,Mavericks,Dallas,https://cdn.nba.com/logos/nba/1610612742/global/L/logo.svg,
20260826,20270408,401910918,1,Apr 08,2027-04-08T23:00Z,Kaseya Center,MIA,Heat,Miami,https://cdn.nba.com/logos/nba/1610612748/global/L/logo.svg,,PHI,76ers,Philadelphia,https://cdn.nba.com/logos/nba/1610612755/global/L/logo.svg,
20260826,20270408,401910919,1,Apr 08,2027-04-09T00:00Z,Fiserv Forum,MIL,Bucks,Milwaukee,https://cdn.nba.com/logos/nba/1610612749/global/L/logo.svg,,NYK,Knicks,New York,https://cdn.nba.com/logos/nba/1610612752/global/L/logo.svg,
20260826,20270408,401910920,1,Apr 08,2027-04-09T01:00Z,Ball Arena,DEN,Nuggets,Denver,https://cdn.nba.com/logos/nba/1610612743/global/L/logo.svg,,LAC,Clippers,LA,https://cdn.nba.com/logos/nba/1610612746/global/L/logo.svg,
20260826,20270408,401910921,1,Apr 08,2027-04-09T01:00Z,Delta Center,UTAH,Jazz,Utah,https://a.espncdn.com/i/teamlogos/nba/500/scoreboard/utah.png,,NOP,Pelicans,New Orleans,https://cdn.nba.com/logos/nba/1610612740/global/L/logo.svg,
20260826,20270408,401910922,1,Apr 08,2027-04-09T01:30Z,Paycom Center,OKC,Thunder,Oklahoma City,https://cdn.nba.com/logos/nba/1610612760/global/L/logo.svg,,GSW,Warriors,Golden State,https://cdn.nba.com/logos/nba/1610612744/global/L/logo.svg,
20260826,20270409,401910923,1,Apr 09,2027-04-09T23:00Z,State Farm Arena,ATL,Hawks,Atlanta,https://cdn.nba.com/logos/nba/1610612737/global/L/logo.svg,,BOS,Celtics,Boston,https://cdn.nba.com/logos/nba/1610612738/global/L/logo.svg,
20260826,20270409,401910924,1,Apr 09,2027-04-09T23:00Z,Spectrum Center,CHA,Hornets,Charlotte,https://cdn.nba.com/logos/nba/1610612766/global/L/logo.svg,,BKN,Nets,Brooklyn,https://cdn.nba.com/logos/nba/1610612751/global/L/logo.svg,
20260826,20270409,401910925,1,Apr 09,2027-04-09T23:00Z,Gainbridge Fieldhouse,IND,Pacers,Indiana,https://cdn.nba.com/logos/nba/1610612754/global/L/logo.svg,,CLE,Cavaliers,Cleveland,https://cdn.nba.com/logos/nba/1610612739/global/L/logo.svg,
20260826,20270409,401910926,1,Apr 09,2027-04-09T23:00Z,Madison Square Garden,NYK,Knicks,New York,https://cdn.nba.com/logos/nba/1610612752/global/L/logo.svg,,DET,Pistons,Detroit,https://cdn.nba.com/logos/nba/1610612765/global/L/logo.svg,
20260826,20270409,401910927,1,Apr 09,2027-04-09T23:00Z,Kia Center,ORL,Magic,Orlando,https://cdn.nba.com/logos/nba/1610612753/global/L/logo.svg,,TOR,Raptors,Toronto,https://cdn.nba.com/logos/nba/1610612761/global/L/logo.svg,
20260826,20270409,401910928,1,Apr 09,2027-04-10T00:00Z,Kaseya Center,MIA,Heat,Miami,https://cdn.nba.com/logos/nba/1610612748/global/L/logo.svg,,WAS,Wizards,Washington,https://cdn.nba.com/logos/nba/1610612764/global/L/logo.svg,
20260826,20270409,401910929,1,Apr 09,2027-04-10T00:00Z,United Center,CHI,Bulls,Chicago,https://cdn.nba.com/logos/nba/1610612741/global/L/logo.svg,,MIL,Bucks,Milwaukee,https://cdn.nba.com/logos/nba/1610612749/global/L/logo.svg,
20260826,20270409,401910930,1,Apr 09,2027-04-10T00:00Z,Paycom Center,OKC,Thunder,Oklahoma City,https://cdn.nba.com/logos/nba/1610612760/global/L/logo.svg,,GSW,Warriors,Golden State,https://cdn.nba.com/logos/nba/1610612744/global/L/logo.svg,
20260826,20270409,401910931,1,Apr 09,2027-04-10T00:30Z,Toyota Center (Houston),HOU,Rockets,Houston,https://cdn.nba.com/logos/nba/1610612745/global/L/logo.svg,,POR,Trail Blazers,Portland,https://cdn.nba.com/logos/nba/1610612757/global/L/logo.svg,
20260826,20270409,401910932,1,Apr 09,2027-04-10T01:30Z,Frost Bank Center,SAS,Spurs,San Antonio,https://cdn.nba.com/logos/nba/1610612759/global/L/logo.svg,,DEN,Nuggets,Denver,https://cdn.nba.com/logos/nba/1610612743/global/L/logo.svg,
20260826,20270409,401910933,1,Apr 09,2027-04-10T01:30Z,Delta Center,UTAH,Jazz,Utah,https://a.espncdn.com/i/teamlogos/nba/500/scoreboard/utah.png,,LAC,Clippers,LA,https://cdn.nba.com/logos/nba/1610612746/global/L/logo.svg,
20260826,20270409,401910934,1,Apr 09,2027-04-10T02:00Z,crypto.com Arena,LAL,Lakers,Los Angeles,https://cdn.nba.com/logos/nba/1610612747/global/L/logo.svg,,MIN,Timberwolves,Minnesota,https://cdn.nba.com/logos/nba/1610612750/global/L/logo.svg,
20260826,20270409,401910935,1,Apr 09,2027-04-10T02:00Z,Mortgage Matchup Center,PHX,Suns,Phoenix,https://cdn.nba.com/logos/nba/1610612756/global/L/logo.svg,,MEM,Grizzlies,Memphis,https://cdn.nba.com/logos/nba/1610612763/global/L/logo.svg,
20260826,20270409,401910936,1,Apr 09,2027-04-10T02:00Z,Golden 1 Center,SAC,Kings,Sacramento,https://cdn.nba.com/logos/nba/1610612758/global/L/logo.svg,,DAL,Mavericks,Dallas,https://cdn.nba.com/logos/nba/1610612742/global/L/logo.svg,
20260826,20270411,401910937,1,Apr 11,2027-04-11T22:00Z,TD Garden,BOS,Celtics,Boston,https://cdn.nba.com/logos/nba/1610612738/global/L/logo.svg,,MIL,Bucks,Milwaukee,https://cdn.nba.com/logos/nba/1610612749/global/L/logo.svg,
20260826,20270411,401910938,1,Apr 11,2027-04-11T22:00Z,Barclays Center,BKN,Nets,Brooklyn,https://cdn.nba.com/logos/nba/1610612751/global/L/logo.svg,,TOR,Raptors,Toronto,https://cdn.nba.com/logos/nba/1610612761/global/L/logo.svg,
20260826,20270411,401910939,1,Apr 11,2027-04-11T22:00Z,Rocket Arena,CLE,Cavaliers,Cleveland,https://cdn.nba.com/logos/nba/1610612739/global/L/logo.svg,,ATL,Hawks,Atlanta,https://cdn.nba.com/logos/nba/1610612737/global/L/logo.svg,
20260826,20270411,401910940,1,Apr 11,2027-04-11T22:00Z,Kaseya Center,MIA,Heat,Miami,https://cdn.nba.com/logos/nba/1610612748/global/L/logo.svg,,ORL,Magic,Orlando,https://cdn.nba.com/logos/nba/1610612753/global/L/logo.svg,
20260826,20270411,401910941,1,Apr 11,2027-04-11T22:00Z,Madison Square Garden,NYK,Knicks,New York,https://cdn.nba.com/logos/nba/1610612752/global/L/logo.svg,,IND,Pacers,Indiana,https://cdn.nba.com/logos/nba/1610612754/global/L/logo.svg,
20260826,20270411,401910942,1,Apr 11,2027-04-11T22:00Z,Xfinity Mobile Arena,PHI,76ers,Philadelphia,https://cdn.nba.com/logos/nba/1610612755/global/L/logo.svg,,CHA,Hornets,Charlotte,https://cdn.nba.com/logos/nba/1610612766/global/L/logo.svg,
20260826,20270411,401910943,1,Apr 11,2027-04-11T22:00Z,Capital One Arena,WAS,Wizards,Washington,https://cdn.nba.com/logos/nba/1610612764/global/L/logo.svg,,DET,Pistons,Detroit,https://cdn.nba.com/logos/nba/1610612765/global/L/logo.svg,
20260826,20270411,401910944,1,Apr 11,2027-04-11T22:00Z,Smoothie King Center,NOP,Pelicans,New Orleans,https://cdn.nba.com/logos/nba/1610612740/global/L/logo.svg,,CHI,Bulls,Chicago,https://cdn.nba.com/logos/nba/1610612741/global/L/logo.svg,
20260826,20270411,401910945,1,Apr 11,2027-04-12T00:30Z,American Airlines Center,DAL,Mavericks,Dallas,https://cdn.nba.com/logos/nba/1610612742/global/L/logo.svg,,MEM,Grizzlies,Memphis,https://cdn.nba.com/logos/nba/1610612763/global/L/logo.svg,
20260826,20270411,401910946,1,Apr 11,2027-04-12T00:30Z,Target Center,MIN,Timberwolves,Minnesota,https://cdn.nba.com/logos/nba/1610612750/global/L/logo.svg,,HOU,Rockets,Houston,https://cdn.nba.com/logos/nba/1610612745/global/L/logo.svg,
20260826,20270411,401910947,1,Apr 11,2027-04-12T00:30Z,Frost Bank Center,SAS,Spurs,San Antonio,https://cdn.nba.com/logos/nba/1610612759/global/L/logo.svg,,POR,Trail Blazers,Portland,https://cdn.nba.com/logos/nba/1610612757/global/L/logo.svg,
20260826,20270411,401910948,1,Apr 11,2027-04-12T00:30Z,Ball Arena,DEN,Nuggets,Denver,https://cdn.nba.com/logos/nba/1610612743/global/L/logo.svg,,OKC,Thunder,Oklahoma City,https://cdn.nba.com/logos/nba/1610612760/global/L/logo.svg,
20260826,20270411,401910949,1,Apr 11,2027-04-12T00:30Z,Chase Center,GSW,Warriors,Golden State,https://cdn.nba.com/logos/nba/1610612744/global/L/logo.svg,,UTAH,Jazz,Utah,https://a.espncdn.com/i/teamlogos/nba/500/scoreboard/utah.png,
20260826,20270411,401910950,1,Apr 11,2027-04-12T00:30Z,Intuit Dome,LAC,Clippers,LA,https://cdn.nba.com/logos/nba/1610612746/global/L/logo.svg,,SAC,Kings,Sacramento,https://cdn.nba.com/logos/nba/1610612758/global/L/logo.svg,
20260826,20270411,401910951,1,Apr 11,2027-04-12T00:30Z,crypto.com Arena,LAL,Lakers,Los Angeles,https://cdn.nba.com/logos/nba/1610612747/global/L/logo.svg,,PHX,Suns,Phoenix,https://cdn.nba.com/logos/nba/1610612756/global/L/logo.svg,
